{"accu": 0.9474, "f1score": [0.9520958083832336, 0.9740518962075848, 0.9393483709273183, 0.8826479438314946, 0.9594391587381071, 0.9089108910891089, 0.9644466700050075, 0.9678714859437753, 0.9644466700050075, 0.961], "recall": [0.950199203187251, 0.9721115537848606, 0.9417085427135679, 0.8853118712273642, 0.9608826479438315, 0.9, 0.9658976930792377, 0.9717741935483871, 0.9658976930792377, 0.961], "precision": [0.954, 0.976, 0.937, 0.88, 0.958, 0.918, 0.963, 0.964, 0.963, 0.961], "trainloss": [1.6705165185928346, 1.1909477398490906, 0.9408971775436401, 0.7879943992614746, 0.6697459880447387, 0.5792466765785217, 0.5227518535232544, 0.4688849978065491, 0.43427970930099485, 0.3985554871749878, 0.37324972448349, 0.3448978139543533, 0.32892358677864075, 0.3045462858200073, 0.29349712251663207, 0.2791531468868256, 0.2616686240673065, 0.252443564081192, 0.24446283777236938, 0.23297511068344115, 0.2240458862400055, 0.21489202648162842, 0.20719396018981934, 0.2093913130760193, 0.1930306130027771, 0.19544100998401642, 0.18864550864696503, 0.18197671369552612, 0.1769753185224533, 0.17046366971492768, 0.17021453407287598, 0.16580041043281554, 0.16137651137828826, 0.1558856612253189, 0.15216919733524323, 0.1532755522251129, 0.15162432128429412, 0.15507216916322708, 0.13933091112613677, 0.14487815545082092, 0.14718373282909394, 0.1389596277809143, 0.13590125480651855, 0.13169656690597534, 0.13811296176433563, 0.1356295750427246, 0.12987627139568328, 0.13001436051368714, 0.13166262157678604, 0.13183677412986755, 0.12686370473384856, 0.1247614422750473, 0.12515702620506286, 0.12209438129425049, 0.1211995159959793, 0.12451895759820938, 0.11497942147493362, 0.11704991092205047, 0.118725393846035, 0.11651283847093583, 0.11897566854000091, 0.11746704384803772, 0.12078146078586578, 0.11291510107040405, 0.1145343553519249, 0.11122599736452103, 0.10991033808469772, 0.107439067029953, 0.11458589567422867, 0.11181357821941376, 0.11184100306034088, 0.1066466715490818, 0.10819932744622231, 0.11351859777212144, 0.10609322984218597, 0.10802218220949172, 0.10878245823860168, 0.10523395593643188, 0.10632077078342438, 0.10756867714881897, 0.10485848447084427, 0.1047758046913147, 0.10654045522212982, 0.10422540999650955, 0.10732357016086579, 0.10251036527633667, 0.10596284100055695, 0.10721260962963104, 0.107405263068676, 0.10378113108873367, 0.10041738762617111, 0.0997570628452301, 0.10271857403993606, 0.09573140219688415, 0.10154509344577789, 0.10133829507231712, 0.10854553452968597, 0.09420304646253586, 0.10252001028776168, 0.09874058242201805, 0.04033181684732437, 0.021542789311408996, 0.016395988914221525, 0.011982041094601154, 0.011153066349029541, 0.009031250131055713, 0.00856351927369833, 0.00717334974758327, 0.006517065139375627, 0.005976188448816538, 0.0053903319924883545, 0.0044591729798913, 0.004547922829985619, 0.004299364942461252, 0.004293240361884236, 0.00377363609097898, 0.0036729560212790968, 0.0035389103866368533, 0.0036034386744350196, 0.003202553158327937, 0.0034020872056856753, 0.003163564591892064, 0.002849819716848433, 0.002591151542328298, 0.002798979484802112, 0.0024932624584808947, 0.002374045612439513, 0.002420582723468542, 0.002041764371804893, 0.0019897398357093333, 0.0020398499704524873, 0.002043663708679378, 0.0019359674879163504, 0.0020356713247671725, 0.0018226044630259275, 0.0017897303933743388, 0.0018649965569004416, 0.001908989202659577, 0.0015263537288084626, 0.0019178390629962087, 0.0017886065541557036, 0.001524204364158213, 0.001514982499871403, 0.0017093620621412993, 0.0013992219852656126, 0.001549784653801471, 0.0014192241768911482, 0.001210068407971412, 0.0014819974759034812, 0.0014636406835447997, 0.001115704821795225, 0.0012315095615945757, 0.0012615902144089341, 0.0012421345696225763, 0.0011716981276497244, 0.0010693151477724314, 0.0010231211508065462, 0.0011509638703521342, 0.001325344828851521, 0.001295858171582222, 0.001232870887676254, 0.0013357128809392451, 0.001203490209337324, 0.001236953270547092, 0.0011511686043441296, 0.0011171422204002738, 0.001100481315255165, 0.0010160473019164055, 0.0010729079448990523, 0.0010633555161207915, 0.0010166588353738189, 0.0010095793076138942, 0.0010654513791389763, 0.0011838269997760653, 0.0010509159093350171, 0.0011214840643666685, 0.0011257041242253036, 0.001181966582806781, 0.0010888415514910593, 0.0010287193460389971, 0.0009721244625374675, 0.0010638156113773585, 0.0009277698381710798, 0.0010685411266423762, 0.0010640208208747208, 0.0010114778896421195, 0.0010504540260694922, 0.001001851775124669, 0.0008723489390686154, 0.0010405580692645162, 0.001059754386274144, 0.0011000504627265036, 0.0009998593418486417, 0.0009524077407084405, 0.0010025940678827464, 0.0009843214587355032, 0.0010616737636364997, 0.0009761672669649124, 0.0010821127544343471, 0.0009710527676809579]}