{"accu": 0.7736000000000001, "f1score": [0.9191919191919193, 0.9054726368159204, 0.6666666666666666, 0.7157894736842104, 0.64, 0.7761194029850748, 0.8258706467661692, 0.836734693877551, 0.8979591836734694, 0.8761904761904761, 0.5402298850574712, 0.6009852216748768, 0.8173076923076923, 0.7643979057591622, 0.802030456852792, 0.8056872037914692, 0.7804878048780488, 0.8911917098445595, 0.7346938775510204, 0.7553191489361702, 0.8932038834951457, 0.8910891089108911, 0.782608695652174, 0.84375, 0.8712871287128714, 0.6808510638297872, 0.7236180904522613, 0.702439024390244, 0.8118811881188118, 0.8144329896907218, 0.7395833333333333, 0.7643979057591622, 0.7087378640776699, 0.731958762886598, 0.7655502392344498, 0.5492227979274611, 0.8527918781725888, 0.8058252427184467, 0.7184466019417476, 0.9, 0.7643979057591622, 0.9278350515463918, 0.7918781725888325, 0.8717948717948718, 0.6048780487804878, 0.6231155778894472, 0.5635359116022101, 0.6798029556650246, 0.9186602870813397, 0.8682926829268293, 0.5803108808290157, 0.782608695652174, 0.6923076923076923, 0.9023255813953489, 0.8744186046511627, 0.5714285714285715, 0.9214659685863875, 0.7715736040609137, 0.8944723618090452, 0.7100000000000001, 0.8768472906403941, 0.7236180904522613, 0.7669902912621359, 0.7317073170731706, 0.6666666666666666, 0.669683257918552, 0.8476190476190476, 0.683937823834197, 0.9238095238095237, 0.8585365853658538, 0.8247422680412372, 0.8137254901960785, 0.5151515151515151, 0.6176470588235293, 0.5970149253731343, 0.89, 0.9145728643216081, 0.7450980392156863, 0.6666666666666666, 0.8374384236453202, 0.696078431372549, 0.788177339901478, 0.9346733668341709, 0.7329842931937172, 0.7403314917127072, 0.900990099009901, 0.8020833333333334, 0.8415841584158417, 0.8527918781725888, 0.89, 0.7727272727272727, 0.835820895522388, 0.7553191489361702, 0.731958762886598, 0.9207920792079208, 0.7707317073170733, 0.6341463414634146, 0.8, 0.576923076923077, 0.7236180904522613], "recall": [0.9285714285714286, 0.900990099009901, 0.6538461538461539, 0.7555555555555555, 0.64, 0.7722772277227723, 0.8217821782178217, 0.8541666666666666, 0.9166666666666666, 0.8363636363636363, 0.6351351351351351, 0.5922330097087378, 0.7870370370370371, 0.8021978021978022, 0.8144329896907216, 0.7657657657657657, 0.7619047619047619, 0.9247311827956989, 0.75, 0.8068181818181818, 0.8679245283018868, 0.8823529411764706, 0.8571428571428571, 0.8804347826086957, 0.8627450980392157, 0.7272727272727273, 0.7272727272727273, 0.6857142857142857, 0.803921568627451, 0.8404255319148937, 0.7717391304347826, 0.8021978021978022, 0.6886792452830188, 0.7553191489361702, 0.7339449541284404, 0.5698924731182796, 0.865979381443299, 0.7830188679245284, 0.6981132075471698, 0.9, 0.8021978021978022, 0.9574468085106383, 0.8041237113402062, 0.8947368421052632, 0.5904761904761905, 0.6262626262626263, 0.6296296296296297, 0.6699029126213593, 0.8807339449541285, 0.8476190476190476, 0.6021505376344086, 0.7570093457943925, 0.6666666666666666, 0.8434782608695652, 0.8173913043478261, 0.5631067961165048, 0.967032967032967, 0.7835051546391752, 0.898989898989899, 0.71, 0.8640776699029126, 0.7272727272727273, 0.7452830188679245, 0.7142857142857143, 0.7078651685393258, 0.6115702479338843, 0.8090909090909091, 0.7096774193548387, 0.8818181818181818, 0.8380952380952381, 0.851063829787234, 0.7980769230769231, 0.5204081632653061, 0.6057692307692307, 0.594059405940594, 0.89, 0.9191919191919192, 0.7307692307692307, 0.6206896551724138, 0.8252427184466019, 0.6826923076923077, 0.7766990291262136, 0.9393939393939394, 0.7692307692307693, 0.8271604938271605, 0.8921568627450981, 0.8369565217391305, 0.8333333333333334, 0.865979381443299, 0.89, 0.7083333333333334, 0.8316831683168316, 0.8068181818181818, 0.7553191489361702, 0.9117647058823529, 0.7523809523809524, 0.6190476190476191, 0.780952380952381, 0.5555555555555556, 0.7272727272727273], "precision": [0.91, 0.91, 0.68, 0.68, 0.64, 0.78, 0.83, 0.82, 0.88, 0.92, 0.47, 0.61, 0.85, 0.73, 0.79, 0.85, 0.8, 0.86, 0.72, 0.71, 0.92, 0.9, 0.72, 0.81, 0.88, 0.64, 0.72, 0.72, 0.82, 0.79, 0.71, 0.73, 0.73, 0.71, 0.8, 0.53, 0.84, 0.83, 0.74, 0.9, 0.73, 0.9, 0.78, 0.85, 0.62, 0.62, 0.51, 0.69, 0.96, 0.89, 0.56, 0.81, 0.72, 0.97, 0.94, 0.58, 0.88, 0.76, 0.89, 0.71, 0.89, 0.72, 0.79, 0.75, 0.63, 0.74, 0.89, 0.66, 0.97, 0.88, 0.8, 0.83, 0.51, 0.63, 0.6, 0.89, 0.91, 0.76, 0.72, 0.85, 0.71, 0.8, 0.93, 0.7, 0.67, 0.91, 0.77, 0.85, 0.84, 0.89, 0.85, 0.84, 0.71, 0.71, 0.93, 0.79, 0.65, 0.82, 0.6, 0.72],