{"accu": 0.9444, "f1score": [0.9480519480519479, 0.9726504226752859, 0.930115635997989, 0.8822937625754528, 0.9447731755424064, 0.9111891620672352, 0.9616342800199302, 0.9628886659979938, 0.9630738522954091, 0.9667338709677419], "recall": [0.9471057884231537, 0.9673590504451038, 0.9352881698685541, 0.8876518218623481, 0.9319066147859922, 0.9144008056394763, 0.958291956305859, 0.96579476861167, 0.9611553784860558, 0.9745934959349594], "precision": [0.949, 0.978, 0.925, 0.877, 0.958, 0.908, 0.965, 0.96, 0.965, 0.959], "trainloss": [1.8000143590927125, 1.3379023536682129, 1.046094320793152, 0.8534551419258117, 0.7122301933288574, 0.6101033066368103, 0.5429015721893311, 0.48852802421569824, 0.4536570386123657, 0.4158070636558533, 0.3868369118976593, 0.3612644333267212, 0.3370480027770996, 0.3171172867298126, 0.2985338987255096, 0.27991425527572633, 0.26983732610702515, 0.2540325157165527, 0.24933019775867463, 0.235465706782341, 0.22823277551651, 0.2178422597694397, 0.21276225892066955, 0.2008508575963974, 0.1963672786808014, 0.19340692413806915, 0.18812785334587098, 0.1817487025117874, 0.17539194026947022, 0.17224435482501985, 0.16953581433534623, 0.1644241720199585, 0.16488314675807952, 0.15951355790138244, 0.15313955449104308, 0.15676360405921935, 0.15143831994056703, 0.1476884992313385, 0.1474210899591446, 0.1434840618085861, 0.1403834302663803, 0.1400353570818901, 0.14005433178424836, 0.13583881239652634, 0.1347157259464264, 0.1318021445798874, 0.1318232112455368, 0.13127573538303375, 0.12421282773971558, 0.12647839751720427, 0.1276757221031189, 0.12501929781913756, 0.12464946205615997, 0.12466360441684723, 0.11850210514068603, 0.12120750517129898, 0.11874110562324523, 0.11969324575424194, 0.11637160063266754, 0.1163164881157875, 0.11913132493257522, 0.11538860978603363, 0.11165467608928681, 0.11482528601646423, 0.11087177515745163, 0.11728511263370514, 0.11117823717594147, 0.10709298658370972, 0.1137542880821228, 0.11371745030879975, 0.11057965618133545, 0.10629623054027558, 0.10520860312223435, 0.10730209471702576, 0.10612617498397828, 0.11025668842554093, 0.10814157954216004, 0.102243763153553, 0.10271509137153625, 0.1010015197277069, 0.10965097831964493, 0.10328261595726013, 0.10652551608800888, 0.10518710021972656, 0.10106270936965943, 0.09734475038290023, 0.10616831075668334, 0.1037627705860138, 0.09867795847177506, 0.09911033626317978, 0.10036755295991898, 0.09683811201334, 0.10055282484292984, 0.09689676456451415, 0.10536852229118347, 0.09801891890525818, 0.10357909064531326, 0.09286193300008774, 0.09648191331386566, 0.09892427214205265, 0.03875000651597977, 0.021171199166178704, 0.016636957614421844, 0.012922297012805938, 0.011024470664262771, 0.00936695183545351, 0.008882282077372074, 0.0074361595141887666, 0.005930711786597967, 0.006602720985487104, 0.005970720876976848, 0.005367274874895811, 0.004827255480960011, 0.004728338343501091, 0.00467837568975985, 0.0040494344915263355, 0.0037702369537204504, 0.0037564158033579586, 0.003869368615783751, 0.0030624268881976604, 0.0032045412142202257, 0.003241974926367402, 0.0026327053720504047, 0.003236337735541165, 0.002425931213349104, 0.0025116879365593195, 0.002621056643538177, 0.00242880299473647, 0.0022231880710460246, 0.002701135584898293, 0.002307328085005283, 0.0022597877417877316, 0.0019301173824816942, 0.0018052511505782605, 0.002110078550390899, 0.0021702561669796707, 0.0019914670278690753, 0.0017389143197983504, 0.0017214724635565652, 0.0015610302751604469, 0.0017247866390272975, 0.0020026899755746126, 0.0017698744413256644, 0.0018088863331638277, 0.0016320533778890968, 0.001545649992376566, 0.001681618926934898, 0.001596302535776049, 0.0016814692280068993, 0.0014715928119048477, 0.0014372190672159195, 0.0013991828670166433, 0.0012574688141420483, 0.0013952180655673145, 0.001364857658445835, 0.0013837199662253261, 0.0012833479395508766, 0.0011910943696647883, 0.0012740380639210344, 0.0013702673478238284, 0.0011665673464071006, 0.0013312815953046083, 0.001226150411479175, 0.0011932542310282587, 0.001162584441266954, 0.0013819968283176423, 0.0012720382679626346, 0.0013432919289544224, 0.0011432048547267914, 0.0011869382025301457, 0.0013722516249120235, 0.0011742053088359536, 0.0011403974319249392, 0.0012997964277863502, 0.001125603348435834, 0.0011596133570047095, 0.0012995736065786333, 0.0012066726266592742, 0.001189898206666112, 0.001147365607060492, 0.0011916327728144825, 0.001113604285530746, 0.0011482825257070363, 0.0011904334904812275, 0.0011589479425922035, 0.0012352386602014302, 0.001155335152670741, 0.0010336016495898367, 0.0011050072621181608, 0.0010888697335124015, 0.0011281308904197067, 0.001159154525678605, 0.0011402000264264644, 0.0011065117778535933, 0.0011667550948262215, 0.0010274916002899408, 0.0010583806113153697, 0.0011634300059638917, 0.0010867803761176766, 0.001025998554136604]}