{"accu": 0.7805000000000001, "f1score": [0.9045226130653266, 0.8944723618090452, 0.6294416243654821, 0.6564102564102564, 0.6226415094339622, 0.798076923076923, 0.836734693877551, 0.8186528497409327, 0.9154228855721394, 0.8815165876777251, 0.6129032258064515, 0.5222222222222221, 0.8599999999999999, 0.7357512953367875, 0.8410256410256411, 0.8212560386473431, 0.8, 0.9019607843137256, 0.7340425531914891, 0.7700534759358287, 0.8792270531400966, 0.8826291079812206, 0.8247422680412372, 0.83248730964467, 0.9045226130653266, 0.6597938144329897, 0.7788461538461539, 0.6979166666666667, 0.8629441624365483, 0.8, 0.7363184079601991, 0.7653061224489796, 0.7336683417085427, 0.683937823834197, 0.7887323943661971, 0.5380710659898477, 0.8615384615384616, 0.8, 0.743718592964824, 0.892156862745098, 0.7586206896551724, 0.89, 0.7812500000000001, 0.8936170212765958, 0.5951219512195122, 0.7015706806282723, 0.58, 0.6764705882352942, 0.94, 0.8529411764705882, 0.635897435897436, 0.8082901554404146, 0.6948356807511737, 0.9019607843137256, 0.8866995073891626, 0.5631067961165048, 0.93, 0.772093023255814, 0.89, 0.743718592964824, 0.8955223880597015, 0.7536231884057971, 0.7627906976744185, 0.7549019607843137, 0.6391752577319586, 0.7040816326530612, 0.8900523560209425, 0.7083333333333334, 0.9295774647887325, 0.8762886597938143, 0.7653061224489796, 0.7962085308056872, 0.5353535353535354, 0.6432160804020101, 0.6403940886699507, 0.8761904761904761, 0.9142857142857144, 0.7422680412371133, 0.641860465116279, 0.8410256410256411, 0.7487179487179486, 0.7922705314009661, 0.9340101522842639, 0.8, 0.7692307692307692, 0.8820512820512821, 0.8333333333333333, 0.8529411764705882, 0.8820512820512821, 0.8598130841121495, 0.8341232227488151, 0.8426395939086294, 0.7473684210526317, 0.7083333333333334, 0.9054726368159204, 0.7783251231527093, 0.6432160804020101, 0.8181818181818183, 0.5876777251184834, 0.7452830188679247], "recall": [0.9090909090909091, 0.898989898989899, 0.6391752577319587, 0.6736842105263158, 0.5892857142857143, 0.7685185185185185, 0.8541666666666666, 0.8494623655913979, 0.9108910891089109, 0.8378378378378378, 0.6627906976744186, 0.5875, 0.86, 0.7634408602150538, 0.8631578947368421, 0.794392523364486, 0.8210526315789474, 0.8846153846153846, 0.7840909090909091, 0.8275862068965517, 0.8504672897196262, 0.831858407079646, 0.851063829787234, 0.845360824742268, 0.9090909090909091, 0.6808510638297872, 0.75, 0.7282608695652174, 0.8762886597938144, 0.8210526315789474, 0.7326732673267327, 0.78125, 0.7373737373737373, 0.7096774193548387, 0.7433628318584071, 0.5463917525773195, 0.8842105263157894, 0.780952380952381, 0.7474747474747475, 0.875, 0.7475728155339806, 0.89, 0.8152173913043478, 0.9545454545454546, 0.580952380952381, 0.7362637362637363, 0.58, 0.6634615384615384, 0.94, 0.8365384615384616, 0.6526315789473685, 0.8387096774193549, 0.6548672566371682, 0.8846153846153846, 0.8737864077669902, 0.5471698113207547, 0.93, 0.7217391304347827, 0.89, 0.7474747474747475, 0.8910891089108911, 0.7289719626168224, 0.7130434782608696, 0.7403846153846154, 0.6595744680851063, 0.71875, 0.9340659340659341, 0.7391304347826086, 0.8761061946902655, 0.9042553191489362, 0.78125, 0.7567567567567568, 0.5408163265306123, 0.6464646464646465, 0.6310679611650486, 0.8363636363636363, 0.8727272727272727, 0.7659574468085106, 0.6, 0.8631578947368421, 0.7684210526315789, 0.7663551401869159, 0.9484536082474226, 0.8210526315789474, 0.7894736842105263, 0.9052631578947369, 0.8695652173913043, 0.8365384615384616, 0.9052631578947369, 0.8070175438596491, 0.7927927927927928, 0.8556701030927835, 0.7888888888888889, 0.7391304347826086, 0.900990099009901, 0.7669902912621359, 0.6464646464646465, 0.826530612244898, 0.5585585585585585, 0.7053571428571429], "precision": [0.9, 0.89, 0.62, 0.64, 0.66, 0.83, 0.82, 0.79, 0.92, 0.93, 0.57, 0.47, 0.86, 0.71, 0.82, 0.85, 0.78, 0.92, 0.69, 0.72, 0.91, 0.94, 0.8, 0.82, 0.9, 0.64, 0.81, 0.67, 0.85, 0.78, 0.74, 0.75, 0.73, 0.66, 0.84, 0.53, 0.84, 0.82, 0.74, 0.91, 0.77, 0.89, 0.75, 0.84, 0.61, 0.67, 0.58, 0.69, 0.94, 0.87, 0.62, 0.78, 0.74, 0.92, 0.9, 0.58, 0.93, 0.83, 0.89, 0.74, 0.9, 0.78, 0.82, 0.77, 0.62, 0.69, 0.85, 0.68, 0.99, 0.85, 0.75, 0.84, 0.53, 0.64, 0.65, 0.92, 0.96, 0.72, 0.69, 0.82, 0.73, 0.82, 0.92, 0.78, 0.75, 0.86, 0.8, 0.87, 0.86, 0.92, 0.88, 0.83, 0.71, 0.68, 0.91, 0.79, 0.64, 0.81, 0.62, 0.79],