{"accu": 0.7698, "f1score": [0.8811881188118812, 0.9073170731707316, 0.6391752577319586, 0.6634615384615383, 0.6320754716981132, 0.75, 0.8659793814432989, 0.8253968253968254, 0.896551724137931, 0.8737864077669903, 0.6526315789473685, 0.5148514851485149, 0.8, 0.7309644670050761, 0.7978723404255319, 0.7793427230046949, 0.8159203980099502, 0.8811881188118812, 0.711340206185567, 0.7891891891891891, 0.8955223880597015, 0.8502415458937198, 0.8, 0.8, 0.8877551020408163, 0.6368159203980099, 0.7512690355329948, 0.6943005181347149, 0.845771144278607, 0.7938144329896908, 0.6829268292682926, 0.7738693467336684, 0.7525773195876287, 0.6464646464646464, 0.7980295566502462, 0.5208333333333334, 0.8730964467005077, 0.7575757575757575, 0.77720207253886, 0.900990099009901, 0.7676767676767676, 0.9230769230769231, 0.7661691542288558, 0.8865979381443299, 0.624390243902439, 0.6305418719211823, 0.5643564356435642, 0.6826923076923077, 0.927536231884058, 0.8514851485148515, 0.6666666666666666, 0.7707317073170733, 0.6634615384615383, 0.8878504672897196, 0.8543689320388349, 0.5388601036269429, 0.9435897435897437, 0.782608695652174, 0.8855721393034827, 0.7564766839378239, 0.8372093023255814, 0.7414634146341463, 0.796116504854369, 0.7553191489361702, 0.5894736842105264, 0.7272727272727272, 0.883248730964467, 0.7127659574468085, 0.9047619047619048, 0.8151658767772512, 0.7755102040816326, 0.8133971291866028, 0.5074626865671642, 0.5925925925925927, 0.5990338164251208, 0.9346733668341709, 0.892156862745098, 0.7700534759358287, 0.6538461538461539, 0.81, 0.6802030456852791, 0.7755102040816326, 0.9285714285714285, 0.7755102040816326, 0.7623762376237624, 0.8599999999999999, 0.7979274611398963, 0.8229665071770336, 0.8333333333333334, 0.8640776699029127, 0.798076923076923, 0.8350515463917526, 0.7070707070707072, 0.711864406779661, 0.927536231884058, 0.732394366197183, 0.6315789473684211, 0.7942583732057417, 0.5979381443298969, 0.7547169811320756], "recall": [0.8725490196078431, 0.8857142857142857, 0.6595744680851063, 0.6388888888888888, 0.5982142857142857, 0.75, 0.8936170212765957, 0.8764044943820225, 0.883495145631068, 0.8490566037735849, 0.6888888888888889, 0.5098039215686274, 0.780952380952381, 0.7422680412371134, 0.8522727272727273, 0.7345132743362832, 0.8118811881188119, 0.8725490196078431, 0.7340425531914894, 0.8588235294117647, 0.8910891089108911, 0.822429906542056, 0.8210526315789474, 0.8444444444444444, 0.90625, 0.6336633663366337, 0.7628865979381443, 0.7204301075268817, 0.8415841584158416, 0.8191489361702128, 0.6666666666666666, 0.7777777777777778, 0.776595744680851, 0.6530612244897959, 0.7864077669902912, 0.5434782608695652, 0.8865979381443299, 0.7653061224489796, 0.8064516129032258, 0.8921568627450981, 0.7755102040816326, 0.9473684210526315, 0.7623762376237624, 0.9148936170212766, 0.6095238095238096, 0.6213592233009708, 0.5588235294117647, 0.6574074074074074, 0.897196261682243, 0.8431372549019608, 0.7078651685393258, 0.7523809523809524, 0.6388888888888888, 0.8333333333333334, 0.8301886792452831, 0.5591397849462365, 0.968421052631579, 0.7570093457943925, 0.8811881188118812, 0.7849462365591398, 0.782608695652174, 0.7238095238095238, 0.7735849056603774, 0.8068181818181818, 0.6222222222222222, 0.7346938775510204, 0.8969072164948454, 0.7613636363636364, 0.8636363636363636, 0.7747747747747747, 0.7916666666666666, 0.7798165137614679, 0.504950495049505, 0.6292134831460674, 0.5794392523364486, 0.9393939393939394, 0.875, 0.8275862068965517, 0.6296296296296297, 0.81, 0.6907216494845361, 0.7916666666666666, 0.9479166666666666, 0.7916666666666666, 0.7549019607843137, 0.86, 0.8279569892473119, 0.7889908256880734, 0.8173076923076923, 0.839622641509434, 0.7685185185185185, 0.8617021276595744, 0.7142857142857143, 0.8181818181818182, 0.897196261682243, 0.6902654867256637, 0.6055045871559633, 0.7614678899082569, 0.6170212765957447, 0.7142857142857143], "precision": [0.89, 0.93, 0.62, 0.69, 0.67, 0.75, 0.84, 0.78, 0.91, 0.9, 0.62, 0.52, 0.82, 0.72, 0.75, 0.83, 0.82, 0.89, 0.69, 0.73, 0.9, 0.88, 0.78, 0.76, 0.87, 0.64, 0.74, 0.67, 0.85, 0.77, 0.7, 0.77, 0.73, 0.64, 0.81, 0.5, 0.86, 0.75, 0.75, 0.91, 0.76, 0.9, 0.77, 0.86, 0.64, 0.64, 0.57, 0.71, 0.96, 0.86, 0.63, 0.79, 0.69, 0.95, 0.88, 0.52, 0.92, 0.81, 0.89, 0.73, 0.9, 0.76, 0.82, 0.71, 0.56, 0.72, 0.87, 0.67, 0.95, 0.86, 0.76, 0.85, 0.51, 0.56, 0.62, 0.93, 0.91, 0.72, 0.68, 0.81, 0.67, 0.76, 0.91, 0.76, 0.77, 0.86, 0.77, 0.86, 0.85, 0.89, 0.83, 0.81, 0.7, 0.63, 0.96, 0.78, 0.66, 0.83, 0.58, 0.8],