{"accu": 0.7666000000000001, "f1score": [0.91, 0.8613861386138614, 0.6815642458100559, 0.6384976525821596, 0.5990783410138248, 0.8, 0.8556701030927835, 0.8040201005025126, 0.8785046728971964, 0.8627450980392156, 0.6043956043956045, 0.5204081632653061, 0.8223350253807107, 0.7329842931937172, 0.7849462365591398, 0.7751196172248804, 0.8181818181818183, 0.8659793814432989, 0.7142857142857142, 0.7395833333333333, 0.883248730964467, 0.8749999999999999, 0.7897435897435898, 0.8399999999999999, 0.85, 0.6262626262626263, 0.7512690355329948, 0.6571428571428571, 0.8390243902439023, 0.7897435897435898, 0.7087378640776699, 0.746268656716418, 0.721153846153846, 0.66, 0.792079207920792, 0.5284974093264249, 0.8481675392670157, 0.7425742574257426, 0.7707317073170733, 0.8866995073891626, 0.7448979591836735, 0.9015544041450777, 0.7317073170731706, 0.8730964467005077, 0.5743589743589743, 0.68, 0.5527638190954774, 0.6764705882352942, 0.9207920792079208, 0.8653846153846153, 0.6294416243654821, 0.7745098039215687, 0.6798029556650246, 0.9246231155778895, 0.8202764976958524, 0.5339805825242718, 0.9137055837563451, 0.8442211055276383, 0.9108910891089109, 0.717948717948718, 0.8682926829268293, 0.7835051546391754, 0.7761194029850748, 0.7219512195121951, 0.6595744680851063, 0.696078431372549, 0.8469387755102041, 0.6628571428571428, 0.9099526066350712, 0.8436018957345972, 0.801980198019802, 0.7980295566502462, 0.5510204081632654, 0.6181818181818183, 0.5775401069518717, 0.911764705882353, 0.9215686274509804, 0.7564766839378239, 0.6875, 0.7757009345794393, 0.712871287128713, 0.743119266055046, 0.9191919191919193, 0.7589743589743589, 0.743455497382199, 0.861244019138756, 0.7551020408163266, 0.8461538461538461, 0.8469387755102041, 0.8737864077669903, 0.7981220657276995, 0.8040201005025126, 0.717948717948718, 0.6629834254143647, 0.9178743961352657, 0.717948717948718, 0.66, 0.845771144278607, 0.6, 0.7715736040609137], "recall": [0.91, 0.8529411764705882, 0.7721518987341772, 0.6017699115044248, 0.5555555555555556, 0.780952380952381, 0.8829787234042553, 0.8080808080808081, 0.8245614035087719, 0.8461538461538461, 0.6707317073170732, 0.53125, 0.8350515463917526, 0.7692307692307693, 0.8488372093023255, 0.7431192660550459, 0.826530612244898, 0.8936170212765957, 0.7926829268292683, 0.7717391304347826, 0.8969072164948454, 0.8425925925925926, 0.8105263157894737, 0.84, 0.85, 0.6326530612244898, 0.7628865979381443, 0.6272727272727273, 0.819047619047619, 0.8105263157894737, 0.6886792452830188, 0.7425742574257426, 0.6944444444444444, 0.66, 0.7843137254901961, 0.5483870967741935, 0.8901098901098901, 0.7352941176470589, 0.7523809523809524, 0.8737864077669902, 0.7604166666666666, 0.9354838709677419, 0.7142857142857143, 0.8865979381443299, 0.5894736842105263, 0.68, 0.5555555555555556, 0.6634615384615384, 0.9117647058823529, 0.8333333333333334, 0.6391752577319587, 0.7596153846153846, 0.6699029126213593, 0.9292929292929293, 0.7606837606837606, 0.5188679245283019, 0.9278350515463918, 0.8484848484848485, 0.9019607843137255, 0.7368421052631579, 0.8476190476190476, 0.8085106382978723, 0.7722772277227723, 0.7047619047619048, 0.7045454545454546, 0.6826923076923077, 0.8645833333333334, 0.7733333333333333, 0.8648648648648649, 0.8018018018018018, 0.7941176470588235, 0.7864077669902912, 0.5625, 0.5666666666666667, 0.6206896551724138, 0.8942307692307693, 0.9038461538461539, 0.7849462365591398, 0.717391304347826, 0.7280701754385965, 0.7058823529411765, 0.6864406779661016, 0.9285714285714286, 0.7789473684210526, 0.7802197802197802, 0.8256880733944955, 0.7708333333333334, 0.8148148148148148, 0.8645833333333334, 0.8490566037735849, 0.7522123893805309, 0.8080808080808081, 0.7368421052631579, 0.7407407407407407, 0.8878504672897196, 0.7368421052631579, 0.66, 0.8415841584158416, 0.6, 0.7835051546391752], "precision": [0.91, 0.87, 0.61, 0.68, 0.65, 0.82, 0.83, 0.8, 0.94, 0.88, 0.55, 0.51, 0.81, 0.7, 0.73, 0.81, 0.81, 0.84, 0.65, 0.71, 0.87, 0.91, 0.77, 0.84, 0.85, 0.62, 0.74, 0.69, 0.86, 0.77, 0.73, 0.75, 0.75, 0.66, 0.8, 0.51, 0.81, 0.75, 0.79, 0.9, 0.73, 0.87, 0.75, 0.86, 0.56, 0.68, 0.55, 0.69, 0.93, 0.9, 0.62, 0.79, 0.69, 0.92, 0.89, 0.55, 0.9, 0.84, 0.92, 0.7, 0.89, 0.76, 0.78, 0.74, 0.62, 0.71, 0.83, 0.58, 0.96, 0.89, 0.81, 0.81, 0.54, 0.68, 0.54, 0.93, 0.94, 0.73, 0.66, 0.83, 0.72, 0.81, 0.91, 0.74, 0.71, 0.9, 0.74, 0.88, 0.83, 0.9, 0.85, 0.8, 0.7, 0.6, 0.95, 0.7, 0.66, 0.85, 0.6, 0.76],