{"accu": 0.9458000000000001, "f1score": [0.9500998003992016, 0.9716558925907509, 0.9304435483870968, 0.8831168831168831, 0.9461728395061728, 0.9101856497742098, 0.95952023988006, 0.9708835341365463, 0.9673858504766683, 0.9684210526315788], "recall": [0.9482071713147411, 0.9663699307616221, 0.9380081300813008, 0.8822355289421158, 0.9346341463414635, 0.9133937562940584, 0.9590409590409591, 0.9747983870967742, 0.9707955689828801, 0.9708542713567839], "precision": [0.952, 0.977, 0.923, 0.884, 0.958, 0.907, 0.96, 0.967, 0.964, 0.966], "trainloss": [1.8836313242340088, 1.4262830046463013, 1.1616254310226442, 0.9728121691513062, 0.8444121391677857, 0.7406670330810546, 0.6499165535736084, 0.5728709821510315, 0.522692149515152, 0.4791200639152527, 0.44564326152801514, 0.41138947229385375, 0.3836371844959259, 0.3528635387229919, 0.3351447681903839, 0.31920510672569274, 0.2972670098829269, 0.27690578122138976, 0.26299029958724973, 0.252002623257637, 0.23914409547805787, 0.235931829662323, 0.21868006670475007, 0.2165255037021637, 0.2085291395664215, 0.1992601673746109, 0.19573089999198914, 0.19063939989328385, 0.18195548015117646, 0.18184459362983704, 0.17030422449111937, 0.1707763051557541, 0.17113433299541472, 0.16081160151481627, 0.15546175799846648, 0.15053568372488021, 0.15112426224470138, 0.15010184866666793, 0.14593472787618636, 0.14626318651437759, 0.14139486243247987, 0.13926232815742492, 0.13957470356941223, 0.14344384801387786, 0.13328672011375428, 0.13364618501901626, 0.12800271866798402, 0.12569181137084962, 0.12715395113945008, 0.1283200211572647, 0.12639695511341095, 0.12391571346282959, 0.12060260524272919, 0.1206239204120636, 0.12185856331825257, 0.11537205357074738, 0.11695996953964233, 0.11418895976305007, 0.11210660152435303, 0.11123044893741607, 0.11366319793701171, 0.11429999093055725, 0.11226391285419464, 0.11256701699972153, 0.1116752390384674, 0.1062269722533226, 0.11398317038536072, 0.10924735936641693, 0.10354034647464752, 0.1057368779373169, 0.10729994174480438, 0.10139270247936248, 0.10515514720439911, 0.10837744770169258, 0.10430861744880676, 0.1039648547244072, 0.10840413442611695, 0.09884364838123322, 0.0998203756070137, 0.10171798741817474, 0.09871397682666778, 0.10327908812046051, 0.09978949113368989, 0.09930250763893128, 0.09751448224067688, 0.10264461500167847, 0.09830965714931487, 0.10155041654109954, 0.09830610153198242, 0.09620946396827698, 0.0959006910610199, 0.09445983421564103, 0.09797030188798904, 0.0892297944688797, 0.10246134175896644, 0.09590041313171387, 0.09395009738445281, 0.10063798301219941, 0.0877445865535736, 0.09779913516521453, 0.04123695107907057, 0.02195292969048023, 0.015240720369368792, 0.01235392932832241, 0.010857276276201009, 0.010250837979912757, 0.008015451438128948, 0.008131063731908798, 0.006468889703378082, 0.006504261691868306, 0.005653398101776838, 0.00527692534789443, 0.004794294795840978, 0.004264624341279269, 0.004379302210006863, 0.004156968835517764, 0.0034286491815000773, 0.0036324616896361113, 0.00362461226452142, 0.003228755876272917, 0.002884187192544341, 0.0027782693471945824, 0.0028819461883231997, 0.002995989355072379, 0.0025375486646965146, 0.0025695714796334507, 0.0028818600242584945, 0.002590944628082216, 0.002299887556005269, 0.0020673727183789016, 0.0018775259629637002, 0.002117956308312714, 0.0020759913328103723, 0.001896779306679964, 0.0021062410524860025, 0.0018778773558326065, 0.001797754230387509, 0.0015551309728063644, 0.0017751466668397189, 0.0018007616594433785, 0.0016443903345242142, 0.001806525334585458, 0.0016651697633881123, 0.0016088551352918148, 0.0014873920907080174, 0.001462964542210102, 0.0013645299469307065, 0.0013267955557256937, 0.0013196811145730317, 0.0013279935775417835, 0.001199510610923171, 0.0012494368149712682, 0.0012487492145225405, 0.0012629718885198236, 0.0013219662499055266, 0.0012054861659929156, 0.0012746124157682062, 0.0012094173873960971, 0.0011774577377736569, 0.001405683065764606, 0.00108137751262635, 0.001194614299265668, 0.0011572872709389775, 0.0012173398209363222, 0.0013308748198673128, 0.0011965612496063114, 0.0012226523725967855, 0.0012276197296427563, 0.0011932759120315314, 0.0011579620381817221, 0.0011995314219221472, 0.0011547418175637723, 0.0012003893356397747, 0.0012557014006376267, 0.0012161728492379189, 0.0011412613365426659, 0.0011719450785592199, 0.0011371292139589788, 0.0011192592150717974, 0.001097754887379706, 0.0011908771114051342, 0.0010635455593839289, 0.0011485436470806598, 0.001298099227026105, 0.0011184492782130837, 0.0011170813879743217, 0.0011543878839164973, 0.001075712611475028, 0.0010947265266627072, 0.0011395311014354228, 0.001075754291303456, 0.0011323342500440777, 0.0010681430737487971, 0.0010467868931218981, 0.0010529907706938685, 0.0010001538471132517, 0.001124929971806705, 0.0011757073566410691, 0.0010604195972904562, 0.0009951791256293655]}