{"accu": 0.7641, "f1score": [0.8656716417910448, 0.9045226130653266, 0.7150837988826816, 0.66, 0.6883720930232557, 0.7939698492462312, 0.8186528497409327, 0.7692307692307692, 0.9054726368159204, 0.8866995073891626, 0.5762711864406781, 0.5643564356435642, 0.8113207547169812, 0.7272727272727272, 0.7958115183246074, 0.798076923076923, 0.7860696517412936, 0.8969072164948454, 0.7065217391304347, 0.7379679144385026, 0.8844221105527638, 0.8695652173913043, 0.7384615384615385, 0.8374384236453202, 0.8542713567839195, 0.6804123711340208, 0.7628865979381443, 0.64, 0.8349514563106797, 0.7918781725888325, 0.7475728155339806, 0.7676767676767676, 0.7254901960784313, 0.743718592964824, 0.7707317073170733, 0.504950495049505, 0.8601036269430051, 0.8041237113402062, 0.7093596059113302, 0.916256157635468, 0.761904761904762, 0.8910891089108911, 0.7959183673469388, 0.8877551020408163, 0.5686274509803922, 0.6236559139784946, 0.5882352941176471, 0.6820276497695852, 0.9029126213592233, 0.8730964467005077, 0.5980392156862745, 0.803921568627451, 0.6145833333333333, 0.892156862745098, 0.8256880733944953, 0.5302325581395348, 0.9035532994923858, 0.7136150234741785, 0.8865979381443299, 0.7336683417085427, 0.8780487804878048, 0.7336683417085427, 0.7586206896551724, 0.7299999999999999, 0.6470588235294118, 0.6979166666666667, 0.8272251308900523, 0.6961325966850829, 0.9282296650717704, 0.8333333333333334, 0.7487179487179486, 0.8155339805825242, 0.5118483412322276, 0.6030150753768845, 0.6108374384236454, 0.9261083743842364, 0.896551724137931, 0.7329842931937172, 0.6268656716417911, 0.7714285714285715, 0.6074766355140186, 0.7488151658767773, 0.9207920792079208, 0.7346938775510204, 0.7301587301587302, 0.8844221105527638, 0.8223350253807107, 0.8325358851674641, 0.8223350253807107, 0.8725490196078431, 0.819047619047619, 0.8514851485148515, 0.7195767195767195, 0.6844919786096256, 0.9170731707317075, 0.7184466019417476, 0.6732673267326733, 0.8058252427184467, 0.5482233502538071, 0.7500000000000001], "recall": [0.8613861386138614, 0.9090909090909091, 0.810126582278481, 0.66, 0.6434782608695652, 0.797979797979798, 0.8494623655913979, 0.7894736842105263, 0.900990099009901, 0.8737864077669902, 0.6623376623376623, 0.5588235294117647, 0.7678571428571429, 0.7346938775510204, 0.8351648351648352, 0.7685185185185185, 0.7821782178217822, 0.925531914893617, 0.7738095238095238, 0.7931034482758621, 0.8888888888888888, 0.8411214953271028, 0.7578947368421053, 0.8252427184466019, 0.8585858585858586, 0.7021276595744681, 0.7872340425531915, 0.64, 0.8113207547169812, 0.8041237113402062, 0.7264150943396226, 0.7755102040816326, 0.7115384615384616, 0.7474747474747475, 0.7523809523809524, 0.5, 0.8924731182795699, 0.8297872340425532, 0.6990291262135923, 0.9029126213592233, 0.8089887640449438, 0.8823529411764706, 0.8125, 0.90625, 0.5576923076923077, 0.6744186046511628, 0.632183908045977, 0.6324786324786325, 0.8773584905660378, 0.8865979381443299, 0.5865384615384616, 0.7884615384615384, 0.6413043478260869, 0.875, 0.7627118644067796, 0.4956521739130435, 0.9175257731958762, 0.672566371681416, 0.9148936170212766, 0.7373737373737373, 0.8571428571428571, 0.7373737373737373, 0.7475728155339806, 0.73, 0.6346153846153846, 0.7282608695652174, 0.8681318681318682, 0.7777777777777778, 0.8899082568807339, 0.8173076923076923, 0.7684210526315789, 0.7924528301886793, 0.4864864864864865, 0.6060606060606061, 0.6019417475728155, 0.912621359223301, 0.883495145631068, 0.7692307692307693, 0.6237623762376238, 0.7363636363636363, 0.5701754385964912, 0.7117117117117117, 0.9117647058823529, 0.75, 0.7752808988764045, 0.8888888888888888, 0.8350515463917526, 0.7981651376146789, 0.8350515463917526, 0.8557692307692307, 0.7818181818181819, 0.8431372549019608, 0.7640449438202247, 0.735632183908046, 0.8952380952380953, 0.6981132075471698, 0.6666666666666666, 0.7830188679245284, 0.5567010309278351, 0.7222222222222222], "precision": [0.87, 0.9, 0.64, 0.66, 0.74, 0.79, 0.79, 0.75, 0.91, 0.9, 0.51, 0.57, 0.86, 0.72, 0.76, 0.83, 0.79, 0.87, 0.65, 0.69, 0.88, 0.9, 0.72, 0.85, 0.85, 0.66, 0.74, 0.64, 0.86, 0.78, 0.77, 0.76, 0.74, 0.74, 0.79, 0.51, 0.83, 0.78, 0.72, 0.93, 0.72, 0.9, 0.78, 0.87, 0.58, 0.58, 0.55, 0.74, 0.93, 0.86, 0.61, 0.82, 0.59, 0.91, 0.9, 0.57, 0.89, 0.76, 0.86, 0.73, 0.9, 0.73, 0.77, 0.73, 0.66, 0.67, 0.79, 0.63, 0.97, 0.85, 0.73, 0.84, 0.54, 0.6, 0.62, 0.94, 0.91, 0.7, 0.63, 0.81, 0.65, 0.79, 0.93, 0.72, 0.69, 0.88, 0.81, 0.87, 0.81, 0.89, 0.86, 0.86, 0.68, 0.64, 0.94, 0.74, 0.68, 0.83, 0.54, 0.78],