{"accu": 0.9443, "f1score": [0.9467396714783475, 0.9734867433716858, 0.924, 0.8791097622660597, 0.9485148514851485, 0.9128256513026052, 0.9621136590229311, 0.964824120603015, 0.9647642679900743, 0.96579476861167], "recall": [0.9425173439048563, 0.973973973973974, 0.924, 0.8894575230296827, 0.9392156862745098, 0.9146586345381527, 0.9592445328031809, 0.9696969696969697, 0.9576354679802955, 0.97165991902834], "precision": [0.951, 0.973, 0.924, 0.869, 0.958, 0.911, 0.965, 0.96, 0.972, 0.96], "trainloss": [1.6650548203659057, 1.1865224975967408, 0.9335102025604248, 0.7580201309204102, 0.6488430025482178, 0.5587737202072144, 0.5047725233268738, 0.4610462090969086, 0.4220683526611328, 0.387425462474823, 0.36145200517177584, 0.3399262139225006, 0.3225915786743164, 0.30423422229766844, 0.290645639629364, 0.2788304043483734, 0.2611140504360199, 0.2551995257949829, 0.24405074182510375, 0.2338538838863373, 0.2283904328250885, 0.2201964235305786, 0.21270869162559508, 0.21080608669281006, 0.20187979816436769, 0.19194909333229065, 0.18854812351226807, 0.1864831595659256, 0.18286793922901154, 0.17914105541229247, 0.1710256730556488, 0.16993542326927186, 0.16991261527061463, 0.16225376688957213, 0.1549845349740982, 0.15726100440025328, 0.15703205884456634, 0.15141884930610658, 0.15057467408180236, 0.15512067537784577, 0.15080062265396119, 0.14896730134248734, 0.14618928752422333, 0.14269024479866027, 0.13814038860321046, 0.1454203199315071, 0.13407827024936675, 0.1356546120262146, 0.13086510403633117, 0.13650208373069764, 0.13739690174102784, 0.1303430306625366, 0.12856712149620056, 0.1301958941745758, 0.1266252710676193, 0.12881535647153855, 0.12293444192886352, 0.12649728746414185, 0.12091084078788758, 0.12439824774742127, 0.12030722407817841, 0.12235079114437103, 0.12323699897289277, 0.12455977648496627, 0.11939112060546875, 0.11894098992347717, 0.12210971296906471, 0.12180578044891358, 0.11892197450876237, 0.11275983720302582, 0.11560596078157424, 0.12060799370765686, 0.11384515698671341, 0.11322654656887055, 0.11265088510990143, 0.1142576025056839, 0.11440267787456512, 0.11923352245330811, 0.1127121757364273, 0.11470711400032044, 0.10946539306282997, 0.10913787429332733, 0.11302203474521637, 0.10409943640232086, 0.11362309817790985, 0.10810746039152146, 0.11108252128362656, 0.11210119544506073, 0.1064553729891777, 0.11265935516357421, 0.10940267724514008, 0.10583918469905854, 0.10642088010191918, 0.1066014750289917, 0.10659051909923553, 0.10532414783000946, 0.10805251339912414, 0.10604223562717438, 0.10595636566638947, 0.10957139913916587, 0.04554368904232979, 0.026218758006691933, 0.0194052412545681, 0.015274198668748141, 0.013250224363654852, 0.011818643143475055, 0.0103579749751091, 0.008504673288092016, 0.008077056617885828, 0.007322909485250712, 0.006711191505044699, 0.006145133881866932, 0.005793755849525332, 0.0054800584226474165, 0.004431578726693988, 0.004995706302896142, 0.004667040485553444, 0.004038080217242241, 0.004539691975340247, 0.003929760307557881, 0.003630140496045351, 0.0034217497271019966, 0.003167289963103831, 0.0033601797139644622, 0.0029068309700861572, 0.003270715793557465, 0.0028169656997919083, 0.002829069182127714, 0.0026406102029792964, 0.0026730295207351446, 0.0025401587650924922, 0.0026714108447171746, 0.002392776362858713, 0.002270896159298718, 0.0022576201909966765, 0.0022197708457522094, 0.002340999756101519, 0.0023232039033062755, 0.0022715529430285095, 0.0021463304609805347, 0.0018745181717164815, 0.0018459976337477566, 0.0022381305116415022, 0.0019294659724086523, 0.0016616903139278292, 0.0018740508281067014, 0.0016205298111680894, 0.0018271340531855822, 0.0014991642606072128, 0.0014281007073447109, 0.001525819985475391, 0.0013798848735168576, 0.0014795741334557534, 0.001593768926039338, 0.0011102231554314494, 0.0013745290083065629, 0.0013116422988846898, 0.001215641671679914, 0.0012826732585206628, 0.0011266167898476124, 0.001459151821155101, 0.0012388159382343293, 0.001266609724536538, 0.00127693291913718, 0.0011917866767384112, 0.0012926388079300523, 0.0013479499853402375, 0.001060776207074523, 0.0011355595198646188, 0.001261491343267262, 0.0011611285600438715, 0.0011652471654489637, 0.0012470666511822492, 0.0011756593752466143, 0.0012154554231651128, 0.0011841785964369774, 0.001050942478235811, 0.001125110289286822, 0.0013043348067486658, 0.0013275154902227223, 0.0010413288539089262, 0.0011373521357751451, 0.001167313626096584, 0.0013109561973717063, 0.0011599178586341441, 0.0011218683367222547, 0.0011181777058169246, 0.0010677198092266917, 0.0010027295890729874, 0.0009548349059792235, 0.00119412852531299, 0.0010622285162378102, 0.0011308778681140394, 0.00110299445040524, 0.000977430877443403, 0.000996165063106455, 0.0010913806567247957, 0.0011194677866622805, 0.0011171549115120433, 0.0009582320410106331]}