{"accu": 0.7679, "f1score": [0.9045226130653266, 0.8669950738916256, 0.702439024390244, 0.6504854368932038, 0.6698113207547169, 0.82, 0.83248730964467, 0.7902439024390244, 0.9175257731958764, 0.8380952380952381, 0.6326530612244898, 0.5368421052631579, 0.8442211055276383, 0.7135135135135134, 0.7537688442211055, 0.8018433179723502, 0.792079207920792, 0.8629441624365483, 0.7234042553191491, 0.7357512953367875, 0.8571428571428571, 0.8857142857142858, 0.7789473684210526, 0.8453608247422681, 0.8717948717948718, 0.6633663366336634, 0.7164179104477613, 0.6956521739130436, 0.8247422680412372, 0.8210526315789474, 0.7282051282051281, 0.7551020408163266, 0.7014218009478672, 0.6666666666666666, 0.8217821782178217, 0.5425531914893618, 0.8469387755102041, 0.802030456852792, 0.783068783068783, 0.9452736318407959, 0.6857142857142857, 0.8787878787878789, 0.792079207920792, 0.8855721393034827, 0.5396825396825395, 0.6530612244897959, 0.5572139303482587, 0.6727272727272727, 0.9326923076923077, 0.8292682926829269, 0.5940594059405941, 0.792079207920792, 0.6666666666666666, 0.8930232558139534, 0.8405797101449274, 0.5025125628140703, 0.9405940594059405, 0.7794871794871796, 0.8923076923076922, 0.6844919786096256, 0.8725490196078431, 0.7473684210526317, 0.7545454545454545, 0.76, 0.6206896551724138, 0.6836734693877551, 0.81, 0.7582417582417583, 0.9047619047619048, 0.836734693877551, 0.774869109947644, 0.8212560386473431, 0.5583756345177665, 0.6213592233009708, 0.6341463414634146, 0.9, 0.8878504672897196, 0.708994708994709, 0.6197183098591549, 0.8446601941747572, 0.6733668341708543, 0.7464114832535885, 0.9393939393939393, 0.7526881720430109, 0.77720207253886, 0.8979591836734694, 0.7812500000000001, 0.8018433179723502, 0.8615384615384616, 0.861244019138756, 0.8173076923076923, 0.8, 0.7015706806282723, 0.6984126984126984, 0.9073170731707316, 0.7042253521126761, 0.6836734693877551, 0.82, 0.6532663316582915, 0.7522935779816514], "recall": [0.9090909090909091, 0.8543689320388349, 0.6857142857142857, 0.6320754716981132, 0.6339285714285714, 0.82, 0.845360824742268, 0.7714285714285715, 0.9468085106382979, 0.8, 0.6458333333333334, 0.5666666666666667, 0.8484848484848485, 0.7764705882352941, 0.7575757575757576, 0.7435897435897436, 0.7843137254901961, 0.8762886597938144, 0.7727272727272727, 0.7634408602150538, 0.8446601941747572, 0.8454545454545455, 0.8222222222222222, 0.8723404255319149, 0.8947368421052632, 0.6568627450980392, 0.7128712871287128, 0.6728971962616822, 0.851063829787234, 0.8666666666666667, 0.7473684210526316, 0.7708333333333334, 0.6666666666666666, 0.7349397590361446, 0.8137254901960784, 0.5795454545454546, 0.8645833333333334, 0.8144329896907216, 0.8314606741573034, 0.9405940594059405, 0.6545454545454545, 0.8877551020408163, 0.7843137254901961, 0.8811881188118812, 0.5730337078651685, 0.6666666666666666, 0.5544554455445545, 0.6166666666666667, 0.8981481481481481, 0.8095238095238095, 0.5882352941176471, 0.7843137254901961, 0.6448598130841121, 0.8347826086956521, 0.8130841121495327, 0.5050505050505051, 0.9313725490196079, 0.8, 0.9157894736842105, 0.735632183908046, 0.8557692307692307, 0.7888888888888889, 0.6916666666666667, 0.76, 0.7297297297297297, 0.6979166666666666, 0.81, 0.8414634146341463, 0.8636363636363636, 0.8541666666666666, 0.8131868131868132, 0.794392523364486, 0.5670103092783505, 0.6037735849056604, 0.6190476190476191, 0.9, 0.8333333333333334, 0.7528089887640449, 0.584070796460177, 0.8207547169811321, 0.6767676767676768, 0.7155963302752294, 0.9489795918367347, 0.813953488372093, 0.8064516129032258, 0.9166666666666666, 0.8152173913043478, 0.7435897435897436, 0.8842105263157894, 0.8256880733944955, 0.7870370370370371, 0.780952380952381, 0.7362637362637363, 0.7415730337078652, 0.8857142857142857, 0.6637168141592921, 0.6979166666666666, 0.82, 0.6565656565656566, 0.6949152542372882], "precision": [0.9, 0.88, 0.72, 0.67, 0.71, 0.82, 0.82, 0.81, 0.89, 0.88, 0.62, 0.51, 0.84, 0.66, 0.75, 0.87, 0.8, 0.85, 0.68, 0.71, 0.87, 0.93, 0.74, 0.82, 0.85, 0.67, 0.72, 0.72, 0.8, 0.78, 0.71, 0.74, 0.74, 0.61, 0.83, 0.51, 0.83, 0.79, 0.74, 0.95, 0.72, 0.87, 0.8, 0.89, 0.51, 0.64, 0.56, 0.74, 0.97, 0.85, 0.6, 0.8, 0.69, 0.96, 0.87, 0.5, 0.95, 0.76, 0.87, 0.64, 0.89, 0.71, 0.83, 0.76, 0.54, 0.67, 0.81, 0.69, 0.95, 0.82, 0.74, 0.85, 0.55, 0.64, 0.65, 0.9, 0.95, 0.67, 0.66, 0.87, 0.67, 0.78, 0.93, 0.7, 0.75, 0.88, 0.75, 0.87, 0.84, 0.9, 0.85, 0.82, 0.67, 0.66, 0.93, 0.75, 0.67, 0.82, 0.65, 0.82],