{"accu": 0.7652, "f1score": [0.8975609756097561, 0.8529411764705882, 0.6735751295336787, 0.6910994764397906, 0.6280193236714975, 0.7757009345794393, 0.8586387434554974, 0.7794871794871796, 0.849740932642487, 0.87, 0.5617977528089888, 0.5595854922279794, 0.8374384236453202, 0.7553191489361702, 0.7692307692307692, 0.8235294117647058, 0.8159203980099502, 0.8923076923076922, 0.7244897959183674, 0.7386363636363636, 0.8787878787878789, 0.8611111111111112, 0.7853403141361257, 0.8144329896907218, 0.8682926829268293, 0.631578947368421, 0.7333333333333333, 0.6565656565656566, 0.8629441624365483, 0.7914438502673796, 0.7512690355329948, 0.7731958762886597, 0.7668393782383419, 0.6862745098039216, 0.7902439024390244, 0.5436893203883495, 0.8333333333333334, 0.7804878048780488, 0.7184466019417476, 0.8442211055276383, 0.7307692307692308, 0.8979591836734694, 0.7333333333333333, 0.8811881188118812, 0.5504587155963302, 0.6497461928934011, 0.6224489795918368, 0.7019230769230769, 0.8985507246376813, 0.8743718592964824, 0.6267281105990784, 0.788177339901478, 0.6536585365853659, 0.912621359223301, 0.8571428571428571, 0.5539906103286385, 0.9090909090909091, 0.7959183673469388, 0.9175257731958764, 0.6947368421052631, 0.8585858585858585, 0.7860696517412936, 0.7342995169082127, 0.7487684729064039, 0.6263736263736263, 0.6634146341463415, 0.8585858585858585, 0.6896551724137931, 0.9186602870813397, 0.8144329896907218, 0.7450980392156863, 0.7834101382488479, 0.5197740112994351, 0.5668449197860963, 0.6176470588235293, 0.8695652173913043, 0.883495145631068, 0.7384615384615385, 0.6886792452830188, 0.792079207920792, 0.6731707317073171, 0.7632850241545893, 0.9108910891089109, 0.7817258883248732, 0.7812500000000001, 0.8442211055276383, 0.7958115183246074, 0.8472906403940887, 0.83248730964467, 0.8599033816425121, 0.8258706467661692, 0.8177339901477833, 0.6492146596858639, 0.7070707070707072, 0.9223300970873787, 0.761904761904762, 0.6536585365853659, 0.8118811881188118, 0.58, 0.7632850241545893], "recall": [0.8761904761904762, 0.8365384615384616, 0.6989247311827957, 0.7252747252747253, 0.6074766355140186, 0.7280701754385965, 0.9010989010989011, 0.8, 0.8817204301075269, 0.87, 0.6410256410256411, 0.5806451612903226, 0.8252427184466019, 0.8068181818181818, 0.7894736842105263, 0.8076923076923077, 0.8118811881188119, 0.9157894736842105, 0.7395833333333334, 0.8552631578947368, 0.8877551020408163, 0.8017241379310345, 0.8241758241758241, 0.8404255319148937, 0.8476190476190476, 0.6666666666666666, 0.7, 0.6632653061224489, 0.8762886597938144, 0.8505747126436781, 0.7628865979381443, 0.7978723404255319, 0.7956989247311828, 0.6730769230769231, 0.7714285714285715, 0.5283018867924528, 0.8173076923076923, 0.7619047619047619, 0.6981132075471698, 0.8484848484848485, 0.7037037037037037, 0.9166666666666666, 0.7, 0.8725490196078431, 0.5084745762711864, 0.6597938144329897, 0.6354166666666666, 0.6759259259259259, 0.8691588785046729, 0.8787878787878788, 0.5811965811965812, 0.7766990291262136, 0.638095238095238, 0.8867924528301887, 0.8446601941747572, 0.5221238938053098, 0.9183673469387755, 0.8125, 0.9468085106382979, 0.7333333333333333, 0.8673469387755102, 0.7821782178217822, 0.7102803738317757, 0.7378640776699029, 0.6951219512195121, 0.6476190476190476, 0.8673469387755102, 0.6796116504854369, 0.8807339449541285, 0.8404255319148937, 0.7307692307692307, 0.7264957264957265, 0.5974025974025974, 0.6091954022988506, 0.6057692307692307, 0.8411214953271028, 0.8584905660377359, 0.7578947368421053, 0.6517857142857143, 0.7843137254901961, 0.6571428571428571, 0.7383177570093458, 0.9019607843137255, 0.7938144329896907, 0.8152173913043478, 0.8484848484848485, 0.8351648351648352, 0.8349514563106796, 0.845360824742268, 0.8317757009345794, 0.8217821782178217, 0.8058252427184466, 0.6813186813186813, 0.7142857142857143, 0.8962264150943396, 0.8089887640449438, 0.638095238095238, 0.803921568627451, 0.58, 0.7383177570093458], "precision": [0.92, 0.87, 0.65, 0.66, 0.65, 0.83, 0.82, 0.76, 0.82, 0.87, 0.5, 0.54, 0.85, 0.71, 0.75, 0.84, 0.82, 0.87, 0.71, 0.65, 0.87, 0.93, 0.75, 0.79, 0.89, 0.6, 0.77, 0.65, 0.85, 0.74, 0.74, 0.75, 0.74, 0.7, 0.81, 0.56, 0.85, 0.8, 0.74, 0.84, 0.76, 0.88, 0.77, 0.89, 0.6, 0.64, 0.61, 0.73, 0.93, 0.87, 0.68, 0.8, 0.67, 0.94, 0.87, 0.59, 0.9, 0.78, 0.89, 0.66, 0.85, 0.79, 0.76, 0.76, 0.57, 0.68, 0.85, 0.7, 0.96, 0.79, 0.76, 0.85, 0.46, 0.53, 0.63, 0.9, 0.91, 0.72, 0.73, 0.8, 0.69, 0.79, 0.92, 0.77, 0.75, 0.84, 0.76, 0.86, 0.82, 0.89, 0.83, 0.83, 0.62, 0.7, 0.95, 0.72, 0.67, 0.82, 0.58, 0.79],