{"accu": 0.9435, "f1score": [0.9563492063492063, 0.97002997002997, 0.9236145781328009, 0.875187969924812, 0.9486796213253613, 0.90990990990991, 0.96, 0.9603214465092919, 0.9650698602794412, 0.9657258064516129], "recall": [0.9488188976377953, 0.969061876247505, 0.922233300099701, 0.8773869346733668, 0.945382323733863, 0.9108216432865731, 0.96, 0.9646821392532795, 0.9631474103585658, 0.9735772357723578], "precision": [0.964, 0.971, 0.925, 0.873, 0.952, 0.909, 0.96, 0.956, 0.967, 0.958], "trainloss": [2.010716610031128, 1.5527493323135375, 1.2986691524124145, 1.1007629563522339, 0.9395815748786926, 0.8229511467933655, 0.7175535517120362, 0.6302096973419189, 0.5654651135253906, 0.5174422592353821, 0.4756840174102783, 0.4420786063861847, 0.41340903881073, 0.3862257532978058, 0.3705493207263946, 0.3485531244659424, 0.33341952615737913, 0.3156932237529755, 0.30498024702072146, 0.2878664894104004, 0.27800843517303464, 0.26658763593673707, 0.2618855122661591, 0.24625730821609498, 0.24006098249435426, 0.2276806365585327, 0.2294866378760338, 0.2165762993812561, 0.21371608859062194, 0.20027343784332274, 0.20577254051685334, 0.1959270913171768, 0.19449221124649047, 0.1854505499124527, 0.18541214882850646, 0.1732237229347229, 0.17985156323432921, 0.17198067860603333, 0.16905967606067657, 0.16845737209796904, 0.16439029459953308, 0.16772343423366545, 0.1556760725212097, 0.15493417246818542, 0.15218876552581787, 0.15117753996372224, 0.148940703663826, 0.14432282289028167, 0.14883231399536132, 0.1453227714204788, 0.13900220922470094, 0.142430969581604, 0.13984867439270018, 0.13348730780124665, 0.13561697921276092, 0.1386879967355728, 0.1326279543364048, 0.13694507360458374, 0.1315878733110428, 0.12994193838119505, 0.13081860596179962, 0.1272683854484558, 0.12801095162391662, 0.12363593114852905, 0.12367138291358948, 0.12339306767463684, 0.12328610644340515, 0.12764367495059967, 0.11807661862373352, 0.11546491425037383, 0.12257991183280945, 0.11480130938529969, 0.12254391049146653, 0.11272823735713959, 0.11656181133747101, 0.11990982629299164, 0.1128666005563736, 0.11704574221849441, 0.10852343163490295, 0.11273084183692932, 0.1101355175614357, 0.1091743338060379, 0.11627160110473633, 0.1095066474223137, 0.11022124155521393, 0.11509038805007935, 0.1058940355014801, 0.1106393880033493, 0.10846514149904252, 0.10911204343795776, 0.11267431852340698, 0.10522140619516372, 0.11259086661338806, 0.10491459043741226, 0.10885852419376374, 0.10917392602920532, 0.10672670279026031, 0.10541970392942429, 0.10257150064110757, 0.10065587936878205, 0.042308672058582304, 0.022716774500608446, 0.017784268024414778, 0.014254193622171878, 0.012392213589400052, 0.009906409075260162, 0.008504215793460607, 0.008623805890083313, 0.0074338514895737175, 0.007262484088242054, 0.005965281768068671, 0.0054769732029736045, 0.004929540015347302, 0.004652139938175678, 0.0049853525672480465, 0.004432740912511945, 0.003572350063621998, 0.00377908973261714, 0.003967608789298684, 0.0034279147243499756, 0.0031508471046760677, 0.003166627521123737, 0.0029863276233524083, 0.0028837810153141616, 0.002329613345935941, 0.002650197048410773, 0.0022068421854358165, 0.0026088237281376497, 0.0025758235939219594, 0.002465495411455631, 0.0020498755784332753, 0.0021858657186850905, 0.0021504094950854776, 0.00238450811304152, 0.0021240071618929507, 0.002080712742358446, 0.0020587250232324003, 0.0018854342560656369, 0.0016649702038615943, 0.0017357366363331675, 0.0019336615506932138, 0.0019241930972784757, 0.0016301120859757066, 0.0015806225717719645, 0.0018354910620488225, 0.001669244896285236, 0.0016959584556613116, 0.0016689353873208166, 0.0016396636992320418, 0.0017852083037886769, 0.0014200744234770537, 0.001382020983994007, 0.0014138620202243327, 0.0012383184834755957, 0.0012829705479368567, 0.0014890162616968154, 0.0012807010345906018, 0.001183284771181643, 0.001441197712086141, 0.0013311854083836079, 0.0013772398385964333, 0.0014115904161520303, 0.0013772689078003168, 0.001265887067243457, 0.0012542866989597677, 0.0012475621771626175, 0.0011760002907179295, 0.0010941951719205827, 0.0013278015367314219, 0.0014259049897640944, 0.0011409605039888993, 0.001132668416891247, 0.0011736355968099087, 0.0011711568709462882, 0.0010688943973183632, 0.001154457587338984, 0.001234381449855864, 0.001161926835887134, 0.0010519810277875513, 0.0011753869723901153, 0.001012873595096171, 0.0010850161645933987, 0.0011393234536983073, 0.0010872282502055169, 0.001248766246791929, 0.00112110354648903, 0.0011523243371024728, 0.0011843877726700157, 0.001199267028234899, 0.001072321451753378, 0.001012769480831921, 0.0010048909839242696, 0.001177445785999298, 0.0010823163914307952, 0.0012199334971234202, 0.001046378671824932, 0.0011007869262155145, 0.001092519679032266, 0.001059906179551035, 0.001062378321941942]}