{"accu": 0.7605000000000001, "f1score": [0.89, 0.8656716417910448, 0.648936170212766, 0.5943396226415095, 0.6153846153846154, 0.803921568627451, 0.806122448979592, 0.7789473684210526, 0.8989898989898989, 0.8133971291866028, 0.6203208556149732, 0.5347593582887701, 0.8275862068965517, 0.7373737373737373, 0.6979166666666667, 0.7793427230046949, 0.8040201005025126, 0.9, 0.6666666666666666, 0.7322404371584699, 0.9154228855721394, 0.8516746411483254, 0.768421052631579, 0.82, 0.8712871287128714, 0.656084656084656, 0.7474747474747474, 0.6859903381642511, 0.816326530612245, 0.8041237113402062, 0.7135678391959798, 0.763819095477387, 0.7150259067357512, 0.6634146341463415, 0.8059701492537314, 0.5699481865284974, 0.8205128205128205, 0.8177339901477833, 0.6787330316742083, 0.9019607843137256, 0.7329842931937172, 0.8910891089108911, 0.7812500000000001, 0.8571428571428572, 0.5358851674641149, 0.6802030456852791, 0.5566037735849056, 0.6634146341463415, 0.9261083743842364, 0.87, 0.6350710900473934, 0.8058252427184467, 0.6871794871794872, 0.8679245283018867, 0.8159203980099502, 0.5314009661835749, 0.9045226130653266, 0.7939698492462312, 0.9191919191919193, 0.731958762886598, 0.8365384615384616, 0.7979274611398963, 0.7500000000000001, 0.7578947368421052, 0.6195652173913043, 0.6424870466321244, 0.8512820512820513, 0.6494845360824743, 0.9142857142857144, 0.8181818181818183, 0.7853403141361257, 0.798076923076923, 0.49019607843137253, 0.5945945945945946, 0.5576923076923077, 0.9285714285714285, 0.892156862745098, 0.7765957446808511, 0.6798029556650246, 0.8212560386473431, 0.6310679611650486, 0.7692307692307692, 0.916256157635468, 0.7384615384615385, 0.7272727272727272, 0.8542713567839195, 0.7979797979797979, 0.8127853881278538, 0.8159203980099502, 0.8543689320388349, 0.8018867924528302, 0.8038277511961722, 0.7171717171717172, 0.7134502923976608, 0.923076923076923, 0.7227722772277227, 0.6826923076923077, 0.7857142857142857, 0.6138613861386139, 0.7766990291262137], "recall": [0.89, 0.8613861386138614, 0.6931818181818182, 0.5625, 0.5619834710743802, 0.7884615384615384, 0.8229166666666666, 0.8222222222222222, 0.9081632653061225, 0.7798165137614679, 0.6666666666666666, 0.5747126436781609, 0.8155339805825242, 0.7448979591836735, 0.7282608695652174, 0.7345132743362832, 0.8080808080808081, 0.9, 0.6956521739130435, 0.8072289156626506, 0.9108910891089109, 0.8165137614678899, 0.8111111111111111, 0.82, 0.8627450980392157, 0.6966292134831461, 0.7551020408163265, 0.6635514018691588, 0.8333333333333334, 0.8297872340425532, 0.7171717171717171, 0.7676767676767676, 0.7419354838709677, 0.6476190476190476, 0.801980198019802, 0.5913978494623656, 0.8421052631578947, 0.8058252427184466, 0.6198347107438017, 0.8846153846153846, 0.7692307692307693, 0.8823529411764706, 0.8152173913043478, 0.875, 0.5137614678899083, 0.6907216494845361, 0.5267857142857143, 0.6476190476190476, 0.912621359223301, 0.87, 0.6036036036036037, 0.7830188679245284, 0.7052631578947368, 0.8214285714285714, 0.8118811881188119, 0.514018691588785, 0.9090909090909091, 0.797979797979798, 0.9285714285714286, 0.7553191489361702, 0.8055555555555556, 0.8279569892473119, 0.7222222222222222, 0.8, 0.6785714285714286, 0.6666666666666666, 0.8736842105263158, 0.6702127659574468, 0.8727272727272727, 0.826530612244898, 0.8241758241758241, 0.7685185185185185, 0.4807692307692308, 0.6470588235294118, 0.5370370370370371, 0.9479166666666666, 0.875, 0.8295454545454546, 0.6699029126213593, 0.794392523364486, 0.6132075471698113, 0.7894736842105263, 0.9029126213592233, 0.7578947368421053, 0.7346938775510204, 0.8585858585858586, 0.8061224489795918, 0.7478991596638656, 0.8118811881188119, 0.8301886792452831, 0.7589285714285714, 0.7706422018348624, 0.7244897959183674, 0.8591549295774648, 0.8888888888888888, 0.7156862745098039, 0.6574074074074074, 0.8020833333333334, 0.6078431372549019, 0.7547169811320755], "precision": [0.89, 0.87, 0.61, 0.63, 0.68, 0.82, 0.79, 0.74, 0.89, 0.85, 0.58, 0.5, 0.84, 0.73, 0.67, 0.83, 0.8, 0.9, 0.64, 0.67, 0.92, 0.89, 0.73, 0.82, 0.88, 0.62, 0.74, 0.71, 0.8, 0.78, 0.71, 0.76, 0.69, 0.68, 0.81, 0.55, 0.8, 0.83, 0.75, 0.92, 0.7, 0.9, 0.75, 0.84, 0.56, 0.67, 0.59, 0.68, 0.94, 0.87, 0.67, 0.83, 0.67, 0.92, 0.82, 0.55, 0.9, 0.79, 0.91, 0.71, 0.87, 0.77, 0.78, 0.72, 0.57, 0.62, 0.83, 0.63, 0.96, 0.81, 0.75, 0.83, 0.5, 0.55, 0.58, 0.91, 0.91, 0.73, 0.69, 0.85, 0.65, 0.75, 0.93, 0.72, 0.72, 0.85, 0.79, 0.89, 0.82, 0.88, 0.85, 0.84, 0.71, 0.61, 0.96, 0.73, 0.71, 0.77, 0.62, 0.8],