{"accu": 0.9457000000000001, "f1score": [0.9477871705619095, 0.9711442786069652, 0.9295065458207452, 0.887, 0.9484638255698711, 0.9107321965897693, 0.9609609609609608, 0.9743847312908086, 0.967, 0.9598393574297188], "recall": [0.9426310583580614, 0.9663366336633663, 0.936105476673428, 0.887, 0.9400785854616895, 0.9134808853118712, 0.9619238476953907, 0.9788092835519677, 0.967, 0.9637096774193549], "precision": [0.953, 0.976, 0.923, 0.887, 0.957, 0.908, 0.96, 0.97, 0.967, 0.956], "trainloss": [2.0589187631225587, 1.5916537346649169, 1.3596200690460205, 1.174459846420288, 1.010757061805725, 0.9094805086135864, 0.8087120996665954, 0.7383832232666016, 0.6572042080688476, 0.6041006586837768, 0.5373673340702056, 0.5019241546630859, 0.4520192848777771, 0.421879068775177, 0.3933086919403076, 0.3731622356033325, 0.3481358472251892, 0.3315045763397217, 0.3116755839729309, 0.2989980740261078, 0.28168725947856904, 0.2705570376396179, 0.25826383875846864, 0.25203467613220215, 0.23811844031333923, 0.22335879683971405, 0.21974581479072572, 0.21150591636180877, 0.20689169152259826, 0.19951543941497804, 0.18775221111297608, 0.18512625703811644, 0.1806820798587799, 0.17843324098348617, 0.17585989677429198, 0.16453112404346465, 0.16362085711240767, 0.154142599401474, 0.16255566271543503, 0.14658268485069276, 0.14806579203605652, 0.14760938441753388, 0.1397366890001297, 0.13975921249389647, 0.14356886919021605, 0.13806458733558655, 0.13204305084705353, 0.13128088336467744, 0.12742809403896332, 0.1309827112841606, 0.12229113008022309, 0.1283034165072441, 0.12099803265571595, 0.12365502539634704, 0.11680785953044891, 0.12114139308929443, 0.11731528399944305, 0.1176562064409256, 0.11392365356445312, 0.11621720640659332, 0.11562018239498138, 0.11497967732429504, 0.11133470772266388, 0.10814138877868652, 0.11618262509822845, 0.10568776178836822, 0.11013461933612824, 0.10836247731924056, 0.11106741236448288, 0.10722696400642395, 0.10407269734859466, 0.1036660783958435, 0.10319764552593232, 0.10200397400140762, 0.1026179715681076, 0.09643832843780517, 0.1048961775279045, 0.0994801340675354, 0.10276972736358643, 0.10038435917377472, 0.09652317182064056, 0.10178397264957428, 0.09784103271484375, 0.09657556762218475, 0.09759560822248459, 0.09472303996801376, 0.09577432039022446, 0.0947077448606491, 0.09452434717655182, 0.09781153380870819, 0.09460843731403351, 0.09359256326675415, 0.09360863977670669, 0.09137551290512085, 0.09164705756425857, 0.0909013618516922, 0.09193301201581955, 0.09149775167971849, 0.08785458605289459, 0.0916666671180725, 0.0333952921128273, 0.0174353827676177, 0.011562669606357812, 0.009342524116411805, 0.007537580418288708, 0.006227211441174149, 0.005011750924959779, 0.005451075613126159, 0.0044859807012975214, 0.00418140995234251, 0.0036714018533378838, 0.003844037974476814, 0.0028938047774904408, 0.00281959413357079, 0.003147120739854872, 0.0025641278837248683, 0.0025604352178797128, 0.0025139897455368192, 0.0021520550810545684, 0.0020323976012319328, 0.001931596582364291, 0.001935274223946035, 0.0018597833456471561, 0.0017076460730098188, 0.0015945209676399828, 0.0013662733090296388, 0.001588178880289197, 0.001430156617090106, 0.0014041819616407156, 0.0013854138323292136, 0.001611495079975575, 0.0014708314146101476, 0.0012885791922267527, 0.0011452002804912627, 0.0011026536312978715, 0.0011814060111250727, 0.0013835421242751182, 0.0012503196860756726, 0.0011309602367132901, 0.0011125623189657927, 0.0011774152612593024, 0.0008255286255478859, 0.0009821315908990801, 0.001048803242444992, 0.0008790424475446343, 0.0008326661130040884, 0.0008541128900647163, 0.0009215273169055581, 0.0007436603339575231, 0.0008278465974796564, 0.0008939897119719535, 0.000735917791314423, 0.0006917964246030897, 0.000892728477185592, 0.000740908514726907, 0.0007393806449603289, 0.0007901255480572581, 0.0008188320142403245, 0.000739803875721991, 0.0008005170469172299, 0.0006174529001675546, 0.0006408877065964044, 0.0006878260077442974, 0.0005827825750038028, 0.0007151838342100382, 0.0006221590446680784, 0.0006638769535347819, 0.0006699970878753811, 0.0007758309124270454, 0.000740747730974108, 0.0008280360435321927, 0.000657491840030998, 0.000637828323552385, 0.0006427387718856334, 0.0005385269485996104, 0.0006628491335175931, 0.0007095265968702734, 0.0006295897414349019, 0.0006409906506724656, 0.000664996909275651, 0.0005559506737720222, 0.0005221924874186515, 0.0006781919495551847, 0.0006346438753046096, 0.0005338291476015001, 0.0006119245963916183, 0.000495665161954239, 0.0006636145702842623, 0.0005871221476141363, 0.0005451939644850791, 0.0006231313359225169, 0.0005914920168370009, 0.0005928754645027221, 0.0005689424488786608, 0.0006107579534873367, 0.0005671256878878921, 0.0005827253109589219, 0.000540477615762502, 0.0005860360615095124, 0.0005512825274071656]}