{"accu": 0.756, "f1score": [0.89, 0.8446601941747572, 0.6424870466321244, 0.6424870466321244, 0.635897435897436, 0.7589285714285714, 0.8217821782178217, 0.7699999999999999, 0.9154228855721394, 0.88, 0.5599999999999999, 0.5319148936170213, 0.8075117370892019, 0.7373737373737373, 0.7157894736842104, 0.8252427184466019, 0.77720207253886, 0.869109947643979, 0.6802030456852791, 0.7340425531914891, 0.8787878787878789, 0.8666666666666667, 0.7897435897435898, 0.8282828282828283, 0.849740932642487, 0.6470588235294118, 0.7604166666666666, 0.616822429906542, 0.8235294117647058, 0.8, 0.74, 0.7564766839378239, 0.693069306930693, 0.67, 0.7757009345794393, 0.5161290322580645, 0.8275862068965517, 0.8118811881188118, 0.693069306930693, 0.883495145631068, 0.7272727272727272, 0.9, 0.7475728155339806, 0.8442211055276383, 0.5757575757575758, 0.6206896551724137, 0.5319148936170213, 0.6794258373205743, 0.9223300970873787, 0.8627450980392156, 0.59, 0.7960199004975126, 0.7272727272727273, 0.8909952606635071, 0.7853881278538812, 0.5658536585365854, 0.9207920792079208, 0.7839195979899497, 0.9019607843137256, 0.6871794871794872, 0.8571428571428571, 0.7100000000000001, 0.7745098039215687, 0.7142857142857142, 0.6557377049180328, 0.6331658291457286, 0.7755102040816326, 0.6808510638297872, 0.923076923076923, 0.8442211055276383, 0.7653061224489796, 0.79, 0.4999999999999999, 0.582010582010582, 0.5841584158415842, 0.8899521531100477, 0.8934010152284264, 0.7604166666666666, 0.6183574879227053, 0.8333333333333333, 0.6320754716981132, 0.780952380952381, 0.9261083743842364, 0.7461139896373057, 0.763819095477387, 0.848780487804878, 0.8021390374331552, 0.819047619047619, 0.7939698492462312, 0.8585858585858585, 0.8186528497409327, 0.8115942028985507, 0.6770833333333333, 0.6853932584269663, 0.9261083743842364, 0.7628865979381443, 0.6504854368932038, 0.751131221719457, 0.5803108808290157, 0.7422680412371133], "recall": [0.89, 0.8207547169811321, 0.6666666666666666, 0.6666666666666666, 0.6526315789473685, 0.6854838709677419, 0.8137254901960784, 0.77, 0.9108910891089109, 0.88, 0.6533333333333333, 0.5681818181818182, 0.7610619469026548, 0.7448979591836735, 0.7555555555555555, 0.8018867924528302, 0.8064516129032258, 0.9120879120879121, 0.6907216494845361, 0.7840909090909091, 0.8877551020408163, 0.8272727272727273, 0.8105263157894737, 0.8367346938775511, 0.8817204301075269, 0.6346153846153846, 0.7934782608695652, 0.5789473684210527, 0.8076923076923077, 0.8210526315789474, 0.74, 0.7849462365591398, 0.6862745098039216, 0.67, 0.7280701754385965, 0.47863247863247865, 0.8155339805825242, 0.803921568627451, 0.6862745098039216, 0.8584905660377359, 0.7346938775510204, 0.9, 0.7264150943396226, 0.8484848484848485, 0.5816326530612245, 0.6116504854368932, 0.5681818181818182, 0.6513761467889908, 0.8962264150943396, 0.8461538461538461, 0.59, 0.7920792079207921, 0.6972477064220184, 0.8468468468468469, 0.7226890756302521, 0.5523809523809524, 0.9117647058823529, 0.7878787878787878, 0.8846153846153846, 0.7052631578947368, 0.8446601941747572, 0.71, 0.7596153846153846, 0.7291666666666666, 0.7228915662650602, 0.6363636363636364, 0.7916666666666666, 0.7272727272727273, 0.8888888888888888, 0.8484848484848485, 0.78125, 0.79, 0.5217391304347826, 0.6179775280898876, 0.5784313725490197, 0.8532110091743119, 0.9072164948453608, 0.7934782608695652, 0.5981308411214953, 0.8695652173913043, 0.5982142857142857, 0.7454545454545455, 0.912621359223301, 0.7741935483870968, 0.7676767676767676, 0.8285714285714286, 0.8620689655172413, 0.7818181818181819, 0.797979797979798, 0.8673469387755102, 0.8494623655913979, 0.7850467289719626, 0.7065217391304348, 0.782051282051282, 0.912621359223301, 0.7872340425531915, 0.6320754716981132, 0.6859504132231405, 0.6021505376344086, 0.7659574468085106], "precision": [0.89, 0.87, 0.62, 0.62, 0.62, 0.85, 0.83, 0.77, 0.92, 0.88, 0.49, 0.5, 0.86, 0.73, 0.68, 0.85, 0.75, 0.83, 0.67, 0.69, 0.87, 0.91, 0.77, 0.82, 0.82, 0.66, 0.73, 0.66, 0.84, 0.78, 0.74, 0.73, 0.7, 0.67, 0.83, 0.56, 0.84, 0.82, 0.7, 0.91, 0.72, 0.9, 0.77, 0.84, 0.57, 0.63, 0.5, 0.71, 0.95, 0.88, 0.59, 0.8, 0.76, 0.94, 0.86, 0.58, 0.93, 0.78, 0.92, 0.67, 0.87, 0.71, 0.79, 0.7, 0.6, 0.63, 0.76, 0.64, 0.96, 0.84, 0.75, 0.79, 0.48, 0.55, 0.59, 0.93, 0.88, 0.73, 0.64, 0.8, 0.67, 0.82, 0.94, 0.72, 0.76, 0.87, 0.75, 0.86, 0.79, 0.85, 0.79, 0.84, 0.65, 0.61, 0.94, 0.74, 0.67, 0.83, 0.56, 0.72],