{"accu": 0.9444, "f1score": [0.9477351916376308, 0.9711442786069652, 0.9324596774193549, 0.8788335847159378, 0.9478908188585607, 0.9099950273495774, 0.9665167416291853, 0.963819095477387, 0.9655516724912631, 0.9597585513078469], "recall": [0.9435084241823588, 0.9663366336633663, 0.9400406504065041, 0.8837209302325582, 0.9408866995073891, 0.9050445103857567, 0.9660339660339661, 0.9686868686868687, 0.9641076769690927, 0.9655870445344129], "precision": [0.952, 0.976, 0.925, 0.874, 0.955, 0.915, 0.967, 0.959, 0.967, 0.954], "trainloss": [1.81194066822052, 1.377733081626892, 1.1181472622680664, 0.9271083794021606, 0.7694532999420166, 0.6599406838035583, 0.5817095663642883, 0.5248345515537262, 0.4690345231819153, 0.43264131521224974, 0.39770844358444213, 0.3705262843132019, 0.3430098367357254, 0.32291285263061525, 0.30733287457466124, 0.28953205137729643, 0.2792490169477463, 0.2586241948890686, 0.2508315931034088, 0.23822614567756653, 0.22698997427940368, 0.22077505714416504, 0.21265925318717957, 0.20638155158996582, 0.1966901313972473, 0.1893533056306839, 0.18708357929229735, 0.18255387731552125, 0.17710436288833617, 0.17200260919570923, 0.1687834184360504, 0.15818709876060486, 0.16609199298858643, 0.1585260517501831, 0.15593290610790253, 0.15275312377452852, 0.14230477007865905, 0.14603125370502473, 0.13923602543354036, 0.13905795006752014, 0.13854181190013887, 0.13212567833185196, 0.13482383344650267, 0.13315622319698334, 0.12829069848299027, 0.12795201489925384, 0.12318395425796509, 0.12497993489384651, 0.12110308313250542, 0.12233581573486328, 0.12146001347541809, 0.11534753102779388, 0.12199694243192673, 0.1184018687236309, 0.11598714690685272, 0.11292927021503449, 0.11519548228740692, 0.11157088969707489, 0.11370116501808167, 0.11406445441484452, 0.10923937703847886, 0.1138313433599472, 0.11005518513202667, 0.1116580791258812, 0.10555049894571304, 0.10264938135623931, 0.10508859436511993, 0.10196437667369843, 0.10473410034179688, 0.1074881482553482, 0.10455314977407455, 0.10138276461362838, 0.09806970295429229, 0.10433074777603149, 0.10090749123096467, 0.094521190366745, 0.10926070828557015, 0.09696317669391633, 0.09460081152439118, 0.09853885356664657, 0.09546216312170029, 0.09704944630265236, 0.0989711015546322, 0.10012717718958855, 0.09914469998121261, 0.09847613014698028, 0.09664315166473389, 0.09410041602611542, 0.09931738393306733, 0.09317817339658738, 0.10329778810501099, 0.09188684676647187, 0.09287125443458558, 0.09650294404268264, 0.09603166736483575, 0.0916837088727951, 0.09027596593141556, 0.09112465651512146, 0.09235363547801971, 0.09234571889877319, 0.039429067629277705, 0.017611442974209784, 0.01277105660289526, 0.009870361501909793, 0.007856174316629768, 0.007300015415102243, 0.005985975238010287, 0.005387744710370898, 0.0052654265478253364, 0.004586106087053195, 0.004239892617538571, 0.0036539468013122678, 0.0034496874694526195, 0.002961741539761424, 0.003041496509760618, 0.0027789897871389985, 0.0025225484747067096, 0.002514134556017816, 0.002230671362169087, 0.0023672026500478386, 0.0019730178097635506, 0.002064962542578578, 0.0018075705646537245, 0.0016280025115050375, 0.0016126130879484117, 0.0018144596237316727, 0.001884273542445153, 0.0016419428900815547, 0.0013687853389419615, 0.0014462058095820248, 0.0017508975555747747, 0.0015161070330813528, 0.0012403850450739265, 0.001198554113265127, 0.00123038087612018, 0.0013439485124126078, 0.0011459723367542027, 0.0012104723220132292, 0.0012310125856287778, 0.0010034161677770317, 0.0010052596786106005, 0.0010804895409755409, 0.0011626981272362172, 0.001220817262455821, 0.0009294602764956653, 0.000976714882850647, 0.0009208594582416118, 0.0008897679222933948, 0.0011438305236957968, 0.000999567667208612, 0.0009958982740808277, 0.0010459005854837596, 0.0010853281196206808, 0.0008531422780407592, 0.0007154364053579048, 0.0006857488260604441, 0.0009990791889093816, 0.0007422374726459384, 0.0008790222972910851, 0.0007597095681540668, 0.0008641069852374494, 0.000929049733383581, 0.000697492444254458, 0.0008393970378348604, 0.0007218950086599216, 0.0008637934367079288, 0.0006743611249886454, 0.000817949092881754, 0.0006892342897318304, 0.0009689993489626795, 0.000779725443534553, 0.0007437047649733722, 0.0007397413418395444, 0.0005989812660496681, 0.0006611663217097521, 0.0008701562762819231, 0.0007264375077467412, 0.0006917756364867091, 0.0006831480665504933, 0.0007307659744285047, 0.0006714842351153493, 0.0007240341232344508, 0.0006725572277605533, 0.0006915815564384684, 0.0006980998487398028, 0.0006062246305774897, 0.0006901866101939231, 0.0006205606017820537, 0.000669874055320397, 0.0007589648539293557, 0.0006245851208083332, 0.0006064360779244452, 0.0006482351315580309, 0.0007086333630234003, 0.0005729588236659765, 0.0005695767464209348, 0.0006989309417456389, 0.0005196110762190074, 0.0006067638258449733, 0.0006437175393663347]}