{"accu": 0.9441, "f1score": [0.9474717722140401, 0.972458688032048, 0.9312977099236642, 0.8841893252769387, 0.9499256321269212, 0.9058116232464929, 0.9602780536246276, 0.9639639639639639, 0.9614035087719298, 0.9634085213032582], "recall": [0.9305689488910318, 0.9739217652958877, 0.9481865284974094, 0.8904665314401623, 0.9419862340216323, 0.9076305220883534, 0.9536489151873767, 0.9649298597194389, 0.963819095477387, 0.9658291457286432], "precision": [0.965, 0.971, 0.915, 0.878, 0.958, 0.904, 0.967, 0.963, 0.959, 0.961], "trainloss": [1.8356020275878906, 1.3574476317977906, 1.080707717781067, 0.8987805678558349, 0.7600401913070679, 0.6563587784004211, 0.5788591466903686, 0.5172538615036011, 0.46581404808998106, 0.43094281156539915, 0.3972088179397583, 0.37353478033065796, 0.3495484749174118, 0.3315499453258514, 0.31337069564819336, 0.29562080883979797, 0.28223770599365233, 0.2701547201347351, 0.25898630871772765, 0.2447719321346283, 0.23652029964447022, 0.22601568713665007, 0.21751109358549117, 0.212428323135376, 0.20451737454414368, 0.20052877811908723, 0.19277989876270293, 0.18714634452819826, 0.18150605160713196, 0.17817481398582458, 0.17458495066642762, 0.171993870472908, 0.16381869391918183, 0.1631856383609772, 0.15913205657958984, 0.15995286615371704, 0.15585120920181275, 0.1492813082265854, 0.14870037591934204, 0.14636433034420013, 0.14809471487522124, 0.1438905643606186, 0.13839234587192537, 0.13737688423633576, 0.14014575037956237, 0.12984711923599243, 0.13612549245834352, 0.12975074600696565, 0.13512961903333665, 0.1274065153288841, 0.12604168382167816, 0.13153269247055055, 0.12746985517024995, 0.12334426149368286, 0.12476664566755295, 0.12158408468723297, 0.12514988852977751, 0.12308224977254867, 0.12361053083062172, 0.11418819445371628, 0.11914340241909027, 0.11402097657084465, 0.11683558619976044, 0.11337947648525239, 0.11826691588878632, 0.11352368011951447, 0.11700046461105347, 0.10964033710002899, 0.10785590186357498, 0.11366385691642761, 0.1048516949558258, 0.11516348594546318, 0.11191998746395111, 0.10789685594081878, 0.1113250991678238, 0.11048909675121307, 0.11124090285778046, 0.10097210390567779, 0.11157848688602448, 0.10172077225923538, 0.11030352002620697, 0.11023950272083283, 0.10328183364868164, 0.0994120078420639, 0.10953882256031036, 0.10639194408416748, 0.1039313927602768, 0.10082379209399224, 0.10568619942426681, 0.09996008489608765, 0.09788699812173843, 0.10266612288236618, 0.10628686779022217, 0.10421015352725983, 0.10023162626862527, 0.10259457191467285, 0.10056063860416413, 0.10509031253814698, 0.09742537755012512, 0.10027966327667236, 0.03961624035865068, 0.020956440228372814, 0.01710475436925888, 0.012622996283173562, 0.011644588648676872, 0.010302704084515571, 0.008328195324987173, 0.007431222157776356, 0.007204969642087817, 0.006611277405619622, 0.00568659994892776, 0.005400249351933599, 0.004569641707614064, 0.004554586886316538, 0.00455878635186702, 0.0043905627873539925, 0.004228925108537078, 0.0035801877482235433, 0.003601932924948633, 0.0033143128404393794, 0.002898787974193692, 0.0027418551763147116, 0.002875602670200169, 0.002572027745395899, 0.0027655184050370007, 0.002455618113912642, 0.0028114117301627994, 0.0022193308974057437, 0.002019718908891082, 0.0021611319775879383, 0.0021865038772672413, 0.002199211566671729, 0.002168214622847736, 0.002184196211900562, 0.0021279271892039107, 0.0020619871903583406, 0.0018894777005258948, 0.0018146159855090083, 0.0016933530372008681, 0.0018965172270312906, 0.00211381051633507, 0.002028722371906042, 0.001836595184020698, 0.0016983760327752679, 0.0016291509086824954, 0.001555529054980725, 0.0015448192913644016, 0.001346026558689773, 0.0015095705695264041, 0.001279181215018034, 0.0012363194690458476, 0.001220102876573801, 0.0014036931330896913, 0.0011785656201653183, 0.0013284925453178585, 0.0013539611542411148, 0.0011915788657590747, 0.0012658200362324714, 0.0011869777615182101, 0.001383154627121985, 0.0011396566514670849, 0.0012625956019759177, 0.0010648401651345194, 0.0012259948483947665, 0.0011843520536273717, 0.00112536233747378, 0.0012228278567641972, 0.0011530678182467818, 0.0011753831411339343, 0.0011351355168223382, 0.0010980043119378387, 0.0010386252395063638, 0.001221090039308183, 0.0011819781735725701, 0.0011466124805808067, 0.001082711816560477, 0.0010158397608436645, 0.0010596996468678116, 0.0009712186455540359, 0.0011799451925605536, 0.0010248448859900235, 0.0011792037373408676, 0.0011688257984630763, 0.0011484234761074184, 0.0010355866657197476, 0.0010121190931648015, 0.0010656364840269088, 0.0011899927063845099, 0.001037024578023702, 0.0011601489262096584, 0.001223184481728822, 0.001082257777582854, 0.0012549210887122899, 0.001201233198940754, 0.001123310432434082, 0.0009840315814688802, 0.0010230398689117283, 0.001166547738648951, 0.000931321592591703, 0.0010479917680472136]}