{"accu": 0.9466, "f1score": [0.9501234567901234, 0.9722222222222221, 0.929735234215886, 0.8765060240963854, 0.9499017681728881, 0.9124378109452737, 0.9645885286783041, 0.9700963000506843, 0.972972972972973, 0.9671882887430591], "recall": [0.9385365853658536, 0.9645669291338582, 0.9470954356846473, 0.8800403225806451, 0.9333976833976834, 0.907920792079208, 0.9621890547263682, 0.9835560123329907, 0.9739478957915831, 0.9765545361875637], "precision": [0.962, 0.98, 0.913, 0.873, 0.967, 0.917, 0.967, 0.957, 0.972, 0.958], "trainloss": [1.7483070848083495, 1.2749394826889038, 1.0007183937835693, 0.841340655040741, 0.7084663755798339, 0.6031308820915222, 0.5372091489028931, 0.4817690782737732, 0.44567423614501955, 0.4098911040019989, 0.38216390743732453, 0.35477269360542296, 0.33307496973991396, 0.31923508346557616, 0.2944204609680176, 0.28232439462661746, 0.26865595141887666, 0.25198297407150266, 0.24449574310302735, 0.23699907415628432, 0.22108149776935576, 0.21520310166358947, 0.20468038791179657, 0.19961468486785888, 0.19402121958732604, 0.18732205315113068, 0.17846953874588012, 0.1725927086830139, 0.17259254889965056, 0.16695588150024415, 0.15849511426925658, 0.1562104684972763, 0.1573733673286438, 0.1477206080198288, 0.1490970103096962, 0.14664789235591888, 0.1406436198425293, 0.14170169920921324, 0.13335941256284714, 0.13530052411556243, 0.13451903710365296, 0.13574759560108185, 0.12754901351451875, 0.124888328499794, 0.1261904374051094, 0.1277481123113632, 0.12218349471569061, 0.12266599045753479, 0.11923246169090271, 0.12019937203407288, 0.11533654677391052, 0.11687573638677597, 0.11265416916370392, 0.11175837707519531, 0.11264551554203034, 0.11173445729970932, 0.10987257863044739, 0.11341524577617645, 0.10771196601390838, 0.10933211077213287, 0.10494549005746841, 0.10950188032627106, 0.10370675603866578, 0.1072385110616684, 0.10248666372060776, 0.10538958788871765, 0.10066036780357361, 0.10002651055574417, 0.10021441660881042, 0.10500068040132522, 0.10136847810745239, 0.09959108673334122, 0.10129773924827576, 0.10096495102405548, 0.09439859990596772, 0.10314335912704468, 0.09947140609025955, 0.09669645189523697, 0.09720821368217468, 0.09891960433483124, 0.09168068280696869, 0.09401019870877265, 0.09857611825466156, 0.09403272472858429, 0.09422370479345321, 0.09367794731855393, 0.09301506453037262, 0.09773561666488648, 0.0948992778801918, 0.09160240431308746, 0.0913683170413971, 0.09073824145317078, 0.09297304439544678, 0.08894567132234574, 0.09511060947418212, 0.09087139726758003, 0.0921177861905098, 0.09042371143102645, 0.09211445974826812, 0.08994740777969361, 0.03501559112250805, 0.017746655726730825, 0.013101284769847989, 0.01035089503005147, 0.008481207449138165, 0.00739933157287538, 0.0054723387187719345, 0.005211536455601453, 0.00486926853865385, 0.004375359871201217, 0.004771882345639169, 0.003950492549929767, 0.003495211392790079, 0.003581977374330163, 0.002805436893813312, 0.002937156408317387, 0.0028454575026407836, 0.0028499935203790665, 0.0026246621965616943, 0.0021468446264043452, 0.0020843696346320214, 0.0021677866066619755, 0.002185037395134568, 0.0018688063187524675, 0.0017124716524034738, 0.0017785782877448946, 0.0016903159660845994, 0.0015644586439803243, 0.0017064088734611868, 0.0015527767445333302, 0.0014531908150203527, 0.0013411631230823696, 0.0011402078073099256, 0.0012344087100587785, 0.0010364065906219185, 0.0013075627877935766, 0.0010894627090543508, 0.0012630786239914596, 0.0013740845014341176, 0.0010492796044051648, 0.001146336511578411, 0.0011828323740512132, 0.0010067860868945718, 0.001105864278189838, 0.0009711722825653851, 0.0010353532436676324, 0.0010394155540317297, 0.0009128690424375236, 0.0011108330168388785, 0.0009540114682540298, 0.0009160650914534927, 0.0009633783332444728, 0.0007593265134468674, 0.0008801707410626113, 0.001041046794410795, 0.0008499654973857105, 0.001118887211792171, 0.0008302566646784544, 0.0009289734649844468, 0.0008516301714628935, 0.0010666553266858681, 0.0008014429865032434, 0.0008404252363555133, 0.0007181472395872698, 0.0008320133437216281, 0.0008139255765266716, 0.0007255293928459287, 0.0008268335373979061, 0.0008315711017232388, 0.0008477347733639181, 0.0008347030490264296, 0.00087976063570939, 0.0008379014725424349, 0.000848517650756985, 0.0006607791483774782, 0.0008581109211035073, 0.0006936209584306926, 0.0008264829279854894, 0.000718399942247197, 0.0006865807116217911, 0.0008436088058352471, 0.0007404605703987181, 0.0007218413351196796, 0.0008209056678367779, 0.000753885154593736, 0.0006582610560581088, 0.000654701756928116, 0.0006702475395426155, 0.0007279344225488603, 0.0006555376593954861, 0.0007839066980034113, 0.0009042129465937614, 0.0007844165881164372, 0.0007005660981452092, 0.0006451552471704781, 0.0007118354058638215, 0.000724757466823794, 0.0006959278552397155, 0.0007196643909439445, 0.000777601105356589]}