{"accu": 0.9916, "f1score": [0.9954151808456444, 0.9978002639683238, 0.9771511910549343, 0.9985141158989599, 0.9954198473282443, 0.9831838565022422, 0.9848721961398017, 0.9936801166747691, 0.9969230769230769, 0.991563275434243], "recall": [0.9938962360122076, 0.9964850615114236, 0.9804878048780488, 0.9990089197224975, 0.9949135300101729, 0.9831838565022422, 0.9843587069864442, 0.9931972789115646, 0.9959016393442623, 0.9930417495029821], "precision": [0.996938775510204, 0.9991189427312775, 0.9738372093023255, 0.998019801980198, 0.9959266802443992, 0.9831838565022422, 0.9853862212943633, 0.9941634241245136, 0.997946611909651, 0.9900891972249752], "trainloss": [0.7610370581785838, 0.1112250891327858, 0.0825514745036761, 0.06816848941842715, 0.06188246175050736, 0.05447104152391354, 0.049815173027416074, 0.04865722345213095, 0.04605653147995472, 0.04465925087630749, 0.04174273203114669, 0.04043196686804294, 0.03989317483107249, 0.03952306538770596, 0.03716555668562651, 0.03771190015574296, 0.037484649719794594, 0.03698737105776866, 0.035617624112963674, 0.03509961733371019, 0.034123051743209364, 0.03378777661273877, 0.03284651410977046, 0.03463618657489618, 0.032522996288786334, 0.03502679640079538, 0.03277168643449744, 0.03380140816917022, 0.032562789252152044, 0.03153153497974078, 0.031367060963312786, 0.03207733676185211, 0.030083292789260547, 0.030654781263073284, 0.030520625485417743, 0.030974499640862147, 0.030778292003273963, 0.0327216611114641, 0.02924013980353872, 0.03151289615059892, 0.030706825479865075, 0.031323229846606654, 0.030511355964094402, 0.03014447049299876, 0.030737685903658468, 0.031261907177915174, 0.028319854551305375, 0.029939422871669133, 0.02953982645596067, 0.02919895186300079, 0.02854921347821752, 0.029882064481576282, 0.029910921056816975, 0.029732430393993856, 0.02670465668514371, 0.029105071073025464, 0.028829856685052314, 0.02761792768413822, 0.027345819510519506, 0.028699596876154344, 0.030682009866088628, 0.027811740881204604, 0.029155428738643727, 0.026633377808332442, 0.027133973364531994, 0.02681612916464607, 0.028001735665400825, 0.026060259127120178, 0.027597650759170454, 0.02686371181408564, 0.026125768930030366, 0.025421699446191392, 0.0263640279173851, 0.027754232913504043, 0.02709453683073322, 0.03029117667078972, 0.028793893139561016, 0.026264882362882297, 0.02749520033399264, 0.02578331279481451, 0.02530316023901105, 0.02737852700377504, 0.0279329209084933, 0.02447865166167418, 0.02708279944161574, 0.02643460453674197, 0.026724112318704526, 0.02380266893208027, 0.026286796667426823, 0.025522685231268407, 0.025746121228237946, 0.025616757848858834, 0.02543848580146829, 0.026961492453267177, 0.024660365769763787, 0.028279555606096983, 0.025304821612810096, 0.023863243328159055, 0.025794890126834315, 0.02494157297263543, 0.014727194176862636, 0.010720765447244048, 0.009727691520253818, 0.009139862205615887, 0.008277619709074497, 0.007781911252252758, 0.00800211622202769, 0.00797961317334945, 0.007241621024316798, 0.006752722638721268, 0.007163454938835154, 0.006402785105754932, 0.006270500440166022, 0.006115705871582031, 0.006014147870677213, 0.005843296914019932, 0.0060774327273170154, 0.005120310848175238, 0.005266188492998481, 0.005067102844951053, 0.005133927895283948, 0.0050648809113850194, 0.004841263954993337, 0.004411965991525601, 0.004191746692421536, 0.0039106762737035755, 0.00394712548898533, 0.0040286180047007895, 0.004354727577666442, 0.0033769352156668903, 0.0036960780570749192, 0.0039031884437737367, 0.0033254092588089405, 0.003530860097318267, 0.0033748330829044184, 0.003283692889971038, 0.0032184579705043384, 0.003191655270817379, 0.003420189243151496, 0.0032152830921889594, 0.002909504845800499, 0.0031802203986793756, 0.003251730634799848, 0.0031660337135195732, 0.0025476370772967737, 0.0028850743590543666, 0.002676821811279903, 0.002274244414332012, 0.002735197902362173, 0.002307895443200444, 0.002262055681599304, 0.0016870130279722313, 0.001960233974014409, 0.0013194960937524835, 0.001661538188221554, 0.0014143985611541818, 0.0014287807956182709, 0.001352224081242457, 0.0012603394783722859, 0.0016769437347538768, 0.001522716475604102, 0.0013360995444469154, 0.0013142785505391658, 0.0013090700784232467, 0.0014025279501297821, 0.0014942506069511485, 0.001252739576374491, 0.0013553959623755266, 0.001274205897624294, 0.001249881846543091, 0.0012035205196589231, 0.001127618871598194, 0.0011960423403885216, 0.0011803089217903714, 0.0013140547608335813, 0.0010240331172943116, 0.0013093485055491328, 0.0011043489584854494, 0.0012826411539067824, 0.001090092289634049, 0.0010579866617762793, 0.0010740718172552685, 0.0012035334152945627, 0.0010993674636508028, 0.0012157934514960896, 0.0012358043511708577, 0.0010327928791753949, 0.0011861247111422321, 0.0010802390997065232, 0.0011423965835478157, 0.001028767459342877, 0.001090184467115129, 0.00114516120889845, 0.0010149665644935643, 0.0010185391822752233, 0.0010647503194399178, 0.001052756977888445, 0.0010150477785927554, 0.0009292232706211508, 0.000824597187868009]}