{"accu": 0.9921000000000001, "f1score": [0.9959225280326197, 0.9969203695556533, 0.9796314258001939, 0.999009900990099, 0.9933909506863244, 0.9859313449634216, 0.9854014598540145, 0.9946524064171124, 0.9969262295081968, 0.9920477137176938], "recall": [0.994908350305499, 0.9956063268892794, 0.9805825242718447, 0.999009900990099, 0.9918781725888325, 0.9898305084745763, 0.984375, 0.9941690962099126, 0.9948875255623721, 0.9950149551345963], "precision": [0.996938775510204, 0.9982378854625551, 0.9786821705426356, 0.999009900990099, 0.994908350305499, 0.9820627802690582, 0.9864300626304802, 0.995136186770428, 0.9989733059548255, 0.9890981169474727], "trainloss": [0.75180523087581, 0.1225888646364212, 0.08811106245716413, 0.07259022536774476, 0.06389451060493787, 0.05897584439019362, 0.053771246102948984, 0.050005564417938395, 0.04792680633763472, 0.04598704478442669, 0.04476925914635261, 0.04364387037952741, 0.042658431835720934, 0.04194548085878293, 0.04008674600869417, 0.04173244745731354, 0.038831851001332206, 0.03993867823382219, 0.03872203241636356, 0.037574766482164464, 0.036035520101586976, 0.03696369970018665, 0.03575019918729862, 0.037127887826661266, 0.03627035676216086, 0.036329992249111334, 0.03431568792536855, 0.035891049594183766, 0.03554671718602379, 0.035125632822389403, 0.032715087486431, 0.03532656228467822, 0.03274405900562803, 0.03429173433830341, 0.034796522641927, 0.03423705147703489, 0.03278481736506025, 0.03273712233652671, 0.032489042814821005, 0.033134264207507175, 0.03129338003310064, 0.033926567217707634, 0.031981844136863946, 0.03355181140328447, 0.031077504813671112, 0.032845797206958134, 0.03219221627016862, 0.03096952770203352, 0.03273425814112028, 0.030800669475396475, 0.03182395307645201, 0.030120630968610444, 0.02913352911770344, 0.03190302179803451, 0.031684129219253857, 0.028657459176083405, 0.03188358025799195, 0.02988516722197334, 0.028544738654295604, 0.03139792270834247, 0.029544543916483722, 0.028765777369588613, 0.031233998276789982, 0.029981056520839534, 0.03050551316390435, 0.02794840799793601, 0.028906077310815452, 0.029448087412615617, 0.029098179177194834, 0.03078217690587044, 0.02775314706961314, 0.028528720313310624, 0.028104051423321168, 0.02775585533156991, 0.029772755124916634, 0.02746160199766358, 0.02849354276768863, 0.028773941133668025, 0.02958369329397877, 0.028011503906051317, 0.026972131680945557, 0.02778968042259415, 0.027955709146956602, 0.02732532336053749, 0.0277234354523321, 0.027398330033073823, 0.027599642120798427, 0.027101118895411492, 0.02809161404085656, 0.02739735774745544, 0.028530576175451277, 0.027711781040827433, 0.026805481374263765, 0.02830025542949637, 0.026037606350332497, 0.02649829251654446, 0.028029456846167644, 0.026786225793510674, 0.02681870200037956, 0.02709400513097644, 0.015038823368151983, 0.012267430414259433, 0.011104182585949699, 0.009852558700367808, 0.009799007312456767, 0.00910563859436661, 0.008673065444889168, 0.008732069872381787, 0.007843097876943648, 0.008003594794558982, 0.007794134429562837, 0.007439840745863815, 0.006960054457839578, 0.006833706316600244, 0.006743311738905807, 0.006528301485239838, 0.006617478886495034, 0.0059140477299069365, 0.006545007526036352, 0.005831217086967081, 0.00563007551766932, 0.00512626379719004, 0.005712672116917869, 0.0054228873335445925, 0.005198409565165639, 0.005184220976134141, 0.004895524618122727, 0.004722230658649157, 0.004675005839237322, 0.00437427932145074, 0.004276529356495788, 0.004292366501813133, 0.004192884327067683, 0.004608315883111208, 0.004036433492290477, 0.004259308189774553, 0.0038789805854670704, 0.0035729739656051, 0.003750698512699455, 0.003890547452525546, 0.003499915212734292, 0.003554921000016232, 0.003147180094383657, 0.0032421936955302952, 0.0036191996622908238, 0.00340495931400607, 0.0024242349075463913, 0.002693759354110807, 0.003391311244588966, 0.002787479998380877, 0.002371802312756578, 0.0018637754228742172, 0.0021299142448542017, 0.0018597740853826205, 0.0015512885563075543, 0.0015719674832808475, 0.0017248509861063212, 0.0015867935019390036, 0.001439986779509733, 0.0014469964538235218, 0.0014323803338687866, 0.0013239403538250676, 0.001728891540536036, 0.001357271057064645, 0.0012918132711822788, 0.00140549208499336, 0.0012238252251719436, 0.001311985732211421, 0.001139765964153533, 0.001226887155440636, 0.0011435656839360792, 0.001228394371100391, 0.0012573733501757185, 0.0010960051461743811, 0.0009881704655320695, 0.0011266195320524274, 0.001025816466876616, 0.0011500346697711696, 0.0009589062665433933, 0.0012128988849464805, 0.0010185585500206797, 0.0010237289184704423, 0.0010213520353349547, 0.0008674462439026684, 0.0010422045602773626, 0.0009459601011437674, 0.0009115378781377028, 0.001092815571371466, 0.0009210575294448063, 0.0010509180294039349, 0.0009969521379719177, 0.000911517802067101, 0.0008804491936694831, 0.0007939031748101115, 0.001078356358051921, 0.0008241249199646215, 0.0009274426848627626, 0.0007890885571328302, 0.000970392187188069, 0.0009031832940255602]}