{"accu": 0.9913000000000001, "f1score": [0.9964376590330789, 0.9964819700967459, 0.9790957705396208, 0.9970326409495549, 0.9944077275038129, 0.9786516853932584, 0.9854166666666666, 0.9922178988326849, 0.9984591679506933, 0.9930417495029821], "recall": [0.9939086294416244, 0.9947322212467077, 0.9824390243902439, 0.9960474308300395, 0.9928934010152284, 0.9808558558558559, 0.9833679833679834, 0.9922178988326849, 0.998972250770812, 0.996011964107677], "precision": [0.9989795918367347, 0.9982378854625551, 0.9757751937984496, 0.998019801980198, 0.9959266802443992, 0.976457399103139, 0.9874739039665971, 0.9922178988326849, 0.997946611909651, 0.9900891972249752], "trainloss": [0.935330939467748, 0.1327732106566429, 0.09167361904382705, 0.0769635518113772, 0.0662103400637706, 0.059081775734821956, 0.056800066791971526, 0.05238025606373946, 0.049650829419493676, 0.04815840410341819, 0.045169474520782626, 0.04475948409239451, 0.04271943671281139, 0.04252651746521394, 0.03983275845497847, 0.040218580515682695, 0.03826026526143154, 0.03864674370413025, 0.03774761075526476, 0.03848646303315957, 0.037459037975470226, 0.035206588258842625, 0.035808870565891264, 0.037803011135260266, 0.037825854263206324, 0.03421014079997937, 0.035835247845823565, 0.03545221784909566, 0.036631960388273, 0.033889748335132995, 0.03402096241141359, 0.03248728131353855, 0.034023778401315215, 0.033472718199094136, 0.03059933813288808, 0.03369400031864643, 0.032377793637414776, 0.03268427418818076, 0.03362271338937183, 0.0327116044908762, 0.0321381119603912, 0.03197801330288251, 0.03391322012245655, 0.030724419303486745, 0.03058251881301403, 0.03181219650904338, 0.02944434463518361, 0.03182614952996373, 0.03172294583444794, 0.030244950171311697, 0.029340448589871327, 0.029691132959723473, 0.03231252770324548, 0.02884949535280466, 0.028819407175232965, 0.029692230246712765, 0.029423927232374747, 0.029753736901531616, 0.03064132813413938, 0.027709256921336054, 0.030211487751702466, 0.027846008945504826, 0.028354529998948177, 0.028736774410307406, 0.02809714325815439, 0.02778044081479311, 0.02849459000552694, 0.02948287304416299, 0.027892682860294976, 0.02770072966044148, 0.028139500179638465, 0.027274807733048995, 0.027917428475866715, 0.028909819899623594, 0.027985179579257963, 0.029872195440654954, 0.0263419561949869, 0.02637826335579157, 0.028963761420051255, 0.026461672911047937, 0.02722550661464532, 0.028103713601082565, 0.026541033471003176, 0.027018451479325693, 0.027433025835206112, 0.02712509862408042, 0.026708509546518325, 0.028170344516138236, 0.026432906716565292, 0.027217874778434636, 0.02729863410418232, 0.026609696087737878, 0.027347563091417153, 0.0255498455217729, 0.025751823251818618, 0.024518332759539286, 0.024864826268454394, 0.027081459143261113, 0.026187200757985314, 0.027087228194375833, 0.015648612202331425, 0.012160360779551169, 0.010499206704397997, 0.009631763383125266, 0.009208170787307124, 0.008792791672920188, 0.008174937592508893, 0.007767674171769371, 0.007294476593347888, 0.00713961811416472, 0.006915283806311587, 0.006051608490012586, 0.0066282159555703405, 0.00609474151028941, 0.005702812934511652, 0.005661284515292694, 0.005694622465564559, 0.005417869407714655, 0.0050993304732566075, 0.004818311619261901, 0.00490341607897232, 0.004741641038966676, 0.004901228816000124, 0.00452781042259497, 0.00440659920082738, 0.004253398935869336, 0.0046492643471807244, 0.003820899586658925, 0.0038207255528463673, 0.004147596155044933, 0.003424274452139313, 0.0035819945760071276, 0.0034513028093924123, 0.003590258906936894, 0.003224093257356435, 0.0031729716807138175, 0.003523807249000917, 0.003168514753722896, 0.0029093387071819354, 0.0025147438243962824, 0.0028357727438987545, 0.002877664795704186, 0.0034015234830478826, 0.0028569168305334946, 0.002946254895022139, 0.002884648093084494, 0.0030563714751042424, 0.0025871706674651554, 0.0025450769174223146, 0.0026176443035093445, 0.0020466402269899847, 0.0015280813534588864, 0.0015191716943712284, 0.0014974129997504255, 0.0013238813654209178, 0.0012254039473831653, 0.0011811329239668946, 0.0012233564694412052, 0.0011201629478484391, 0.0009778763948318859, 0.0012653006578950833, 0.0010563313628081232, 0.0010028822793004414, 0.0008978596590925008, 0.0010000151754667361, 0.001018445105338469, 0.0010574923816369845, 0.0011854657411264876, 0.0009642407684431722, 0.001042142603546381, 0.0009746702581644058, 0.0010962342910235748, 0.0007539136003392439, 0.0008322117841802537, 0.0009104717324255034, 0.000867465838448455, 0.0008448637286201119, 0.0007813319037513187, 0.0007964122364918391, 0.0008198935210860024, 0.0007179566519567743, 0.0008145671496322999, 0.0008986019531652952, 0.000997455698919172, 0.0006821189232481022, 0.0007967130938079208, 0.000724893478412802, 0.0007724633349105715, 0.000739542748290114, 0.0006930387666914612, 0.0007514536803743491, 0.0007661762613182266, 0.0008207399523972223, 0.0006764451746363193, 0.0008019406475902846, 0.0008410439789139976, 0.0007280221501365304, 0.000766824914701283, 0.000708053977174374, 0.0007111393668067952]}