{"accu": 0.9925, "f1score": [0.9964412811387899, 0.9969257795344751, 0.9834630350194552, 0.9965363681345869, 0.9943963321446766, 0.9831649831649831, 0.9880145909327774, 0.9941577409931841, 0.9969167523124358, 0.9935483870967742], "recall": [0.9929078014184397, 0.9938704028021016, 0.9873046875, 0.9960435212660732, 0.9949031600407747, 0.9842696629213483, 0.9864724245577523, 0.9951267056530214, 0.9979423868312757, 0.9950298210735586], "precision": [1.0, 1.0, 0.9796511627906976, 0.997029702970297, 0.9938900203665988, 0.9820627802690582, 0.9895615866388309, 0.9931906614785992, 0.9958932238193019, 0.9920713577799801], "trainloss": [0.3754185055176417, 0.1043828137477239, 0.07564531969428062, 0.06762741798162461, 0.05862856850624085, 0.05505172988474369, 0.050404095136125884, 0.046898281982044376, 0.04579903262580434, 0.043619373480478923, 0.04219816205451886, 0.04072849075694879, 0.03901568232278029, 0.03928339140911897, 0.03798350014140209, 0.036434596310555935, 0.03651423818990588, 0.03568413039445877, 0.03428882153580586, 0.03585504135986169, 0.0337742349644502, 0.03374214236487945, 0.03224503310533861, 0.03459979007591804, 0.0336050551623106, 0.032285046045978864, 0.03317231012036403, 0.03160515459701419, 0.03223293352226416, 0.03189847131371498, 0.031055139033496378, 0.032976227258890864, 0.03216232535988092, 0.03133403131837646, 0.03157410019362966, 0.029242939637849727, 0.031209333699941635, 0.03022078007608652, 0.03246016166458527, 0.03007518899117907, 0.030628256537516912, 0.03175733000487089, 0.031263727161536616, 0.030124376943955818, 0.029400811833267412, 0.03069728290438652, 0.02997058714479208, 0.027679498621076347, 0.030327864795178176, 0.02879400300607085, 0.029817772470911344, 0.027607550283521413, 0.03014530846228202, 0.028864339196433622, 0.0292849896547695, 0.028880011574427288, 0.02996181215668718, 0.027501590808977683, 0.02846446954210599, 0.029862277182688315, 0.027339346262812616, 0.026959013886749743, 0.028026890869935355, 0.02831873594125112, 0.026138396077106395, 0.02667594951738914, 0.026568012059355776, 0.027292812124763925, 0.0274977906430761, 0.024554829454421997, 0.02854379739960035, 0.02626473618025581, 0.02666010030930241, 0.027794865323851507, 0.02422519400405387, 0.02686375862347583, 0.02730564635346333, 0.027563555037726957, 0.02808128168856104, 0.025447881692151227, 0.025629877383013568, 0.02642323601146539, 0.026572881479561328, 0.025389001873632272, 0.02677969926930964, 0.026234657254070044, 0.026612872485568127, 0.025494342076902588, 0.02571617195283373, 0.02551162129143874, 0.02725024844110012, 0.02622087461228172, 0.023947202387203773, 0.02657862700248758, 0.02477049390518417, 0.02608254884555936, 0.024481150716294846, 0.023793149330094458, 0.02344349083552758, 0.025548678806548316, 0.013535206072591245, 0.01041071146260947, 0.009279351364821196, 0.009196844145158927, 0.009102078827035924, 0.008393589037532607, 0.007901323231558005, 0.007251483092550188, 0.007177108976834764, 0.006824367174319923, 0.006719604535742352, 0.006946177135811498, 0.006233095627060781, 0.006143591058471551, 0.005579515790178751, 0.005753912831563503, 0.005370267417685439, 0.004791329010513922, 0.004861868475656957, 0.0045187571425766996, 0.004491339788492769, 0.004848309978252897, 0.004107994859945029, 0.004282000951748341, 0.004344433804725607, 0.004225998579679678, 0.003940240513253957, 0.0036000574007164685, 0.003752699016717573, 0.0037818543256881334, 0.003645397071028128, 0.0032411695023067295, 0.0033180048209692664, 0.0030838025427268197, 0.0032765051243826746, 0.0031612313273673255, 0.0029532547059080874, 0.002568525300749267, 0.0028405301857118807, 0.002964160820841789, 0.0026931493471221376, 0.0026692824169062077, 0.0026833672016548615, 0.0024970215014182033, 0.0025954329346772284, 0.002403801028802991, 0.0021036513494948547, 0.0025489699114579706, 0.0026669580122455953, 0.0018963229806240028, 0.0018620812651856493, 0.0015277974259729186, 0.0015649606662026295, 0.0012940957601647823, 0.0014970170214306563, 0.0013664882047412295, 0.0011555418089497834, 0.001217685072713842, 0.0012150225083033244, 0.00122515782105426, 0.0010902262854700288, 0.0012630971448806426, 0.0011488876088056714, 0.001279086134955287, 0.0011927765543572604, 0.0010880435476390024, 0.0010975820958614348, 0.001394900866295211, 0.0009768342866717527, 0.0009995579016239694, 0.0010083593622470897, 0.0012032810596128306, 0.0010810262689522157, 0.0012361002951549987, 0.0009830892959066357, 0.001091404530374954, 0.0010701574260213722, 0.0012261086044522624, 0.001063062687901159, 0.0009376267211977392, 0.001016596348878617, 0.0009167275280070801, 0.0009389665478452419, 0.0009794216712315877, 0.0009353453881572932, 0.0009901761587243526, 0.0010116965054534376, 0.0008937995149288327, 0.0009164906974726667, 0.0009467778240330517, 0.0008995797973359004, 0.0009773307542316615, 0.0009497249734976019, 0.0009888286324683576, 0.0009412446846875052, 0.0009485676158064356, 0.0008809009027124072, 0.0009729065458600719, 0.001016754500210906, 0.0009071188236276309]}