{"accu": 0.9919, "f1score": [0.9974554707379135, 0.9969203695556533, 0.9791767554479418, 0.996039603960396, 0.9934043632673769, 0.9814293753517165, 0.9859154929577466, 0.9961051606621227, 0.9974345818368395, 0.9935291189646591], "recall": [0.9949238578680203, 0.9956063268892794, 0.978702807357212, 0.996039603960396, 0.9898887765419616, 0.9853107344632769, 0.9854014598540146, 0.9970760233918129, 0.9969230769230769, 0.998], "precision": [1.0, 0.9982378854625551, 0.9796511627906976, 0.996039603960396, 0.9969450101832994, 0.9775784753363229, 0.9864300626304802, 0.995136186770428, 0.997946611909651, 0.9890981169474727], "trainloss": [0.6945789353291194, 0.1256922475119432, 0.08782298935651779, 0.07401945020854474, 0.06336367901464303, 0.0571861724982659, 0.05329205698470275, 0.051921439290046695, 0.04760344149072965, 0.044358550981183846, 0.04412448151558638, 0.04313884273866812, 0.03986685932079951, 0.041101357345531386, 0.03938214630683263, 0.037984407485028106, 0.036788200049102306, 0.036074261542409655, 0.036322808633496365, 0.036645922541618345, 0.03458558953528603, 0.035084331085781253, 0.033688926355044044, 0.032838123583545285, 0.034027589942266546, 0.033004421055068574, 0.03436290096839269, 0.03398836802579463, 0.031441154542565346, 0.03272841279655695, 0.030947275971869626, 0.03146357037499547, 0.03351045045107603, 0.03279701281785965, 0.031441446961959205, 0.031210403419782717, 0.03172808592058718, 0.030319641660402217, 0.02991625009526809, 0.03057895068426927, 0.028674677231659493, 0.03087779547696312, 0.030367643344402312, 0.03209357933327556, 0.031546002721538145, 0.03246829429368178, 0.028961100361247858, 0.030649226248140135, 0.028906071590135494, 0.030822735528896254, 0.029133745675285656, 0.030146637521187465, 0.02821065378561616, 0.03057501756027341, 0.028702388690660396, 0.027975027036915224, 0.03007315526107947, 0.02764455284954359, 0.02835530339417358, 0.02861758104786277, 0.02596426200121641, 0.02803606892824173, 0.027553395636131368, 0.028342185221860806, 0.027704427197327217, 0.02959793052325646, 0.027570918207367262, 0.02947742311929663, 0.027161909658213457, 0.026558625489473343, 0.02841564552684625, 0.02606808326666554, 0.02845270723750194, 0.02661485795651873, 0.028041038188089926, 0.026574523754914602, 0.027377134318153064, 0.02664018801997105, 0.02675275156721473, 0.025032727956647675, 0.02719512287999193, 0.028266389172772566, 0.026452684631943703, 0.025683619151388604, 0.026858531611164412, 0.02696164178053538, 0.026529359328125914, 0.023843331803381444, 0.02679211208038032, 0.024771915058543283, 0.02577432873820265, 0.02583610988582174, 0.026152110083649555, 0.024630030418373645, 0.02439543515915672, 0.023855160891264677, 0.027051530413826307, 0.02423519585430622, 0.026597061324119566, 0.027530193266645075, 0.014942270771786571, 0.010887236982894441, 0.01051855882058541, 0.00934411475242426, 0.008680839471767347, 0.008637080127559602, 0.007751136410298447, 0.00775627145236358, 0.007052511938785513, 0.007225659428692113, 0.006933554598285506, 0.006718814309624334, 0.0063230529885739085, 0.006277935372572392, 0.0058117885891969005, 0.005654195839011421, 0.005890943050043037, 0.0056570334215027595, 0.005054329528224965, 0.0048800724161478385, 0.00520919695024689, 0.004869393154419958, 0.00486202323618345, 0.004459672721723715, 0.004223552226430426, 0.0043718755438613395, 0.0038798412214033308, 0.003784874951094389, 0.003694907110882923, 0.0038606012631207704, 0.0035450984172833463, 0.0037297506025837112, 0.003666436993423849, 0.003540825573106607, 0.0033299521821861465, 0.0031200956536767384, 0.0035019961729180066, 0.0029278061926054457, 0.0028911106987856328, 0.002762116714535902, 0.0031922350042189163, 0.002869701372195656, 0.003134109209198505, 0.002882651994129022, 0.0026660154532718782, 0.0025865509639882173, 0.002533276444952935, 0.002420715888092915, 0.0020933592648400613, 0.002561073002234722, 0.0021699454864176613, 0.0020311841801429788, 0.00165498310578987, 0.0015757529282011092, 0.0016973889475377897, 0.0015783336403003584, 0.0017178582769818605, 0.001425701152595381, 0.0014024683965214839, 0.0013623905792677154, 0.0014761584566595654, 0.0013394261488690973, 0.0014053433888902267, 0.0012409680879985293, 0.0012940778420772404, 0.0011837696966715157, 0.001437339052495857, 0.0011746846742928029, 0.0012076286152315637, 0.0011655429118933777, 0.0012612565676060816, 0.0012586660283772895, 0.0011042525318451226, 0.0011307691698505854, 0.001309980565449223, 0.0012714366322538505, 0.0011084261710755526, 0.0012678505418046067, 0.0010825726101951053, 0.0012111782585581144, 0.0012328098845978577, 0.0010850550866841027, 0.0013659840513952077, 0.001087773871794343, 0.0011616188544003915, 0.0010904085102491081, 0.001146973372468104, 0.0009118304603577902, 0.0009946032573624204, 0.0009605984304721156, 0.0009680569877770419, 0.0010433215534624955, 0.0010238700608412425, 0.0009570224249425034, 0.0011411648396247376, 0.000981867963184292, 0.0009004853346074621, 0.0009696795276210953, 0.0008935163016275813, 0.0008417637432459741]}