{"accu": 0.9918, "f1score": [0.9964340295466124, 0.9982394366197183, 0.9776915615906887, 0.998017839444995, 0.9949186991869919, 0.9826135726303982, 0.9864300626304802, 0.9927078269324259, 0.9974345818368395, 0.9920477137176938], "recall": [0.9949135300101729, 0.9973614775725593, 0.9786407766990292, 0.9990079365079365, 0.9929006085192698, 0.9831649831649831, 0.9864300626304802, 0.9922254616132167, 0.9969230769230769, 0.9950149551345963], "precision": [0.9979591836734694, 0.9991189427312775, 0.9767441860465116, 0.997029702970297, 0.9969450101832994, 0.9820627802690582, 0.9864300626304802, 0.9931906614785992, 0.997946611909651, 0.9890981169474727], "trainloss": [2.1110711906433104, 0.48831357300281525, 0.21506387016773224, 0.12967876655459404, 0.10047971049149831, 0.0872989790380001, 0.07485418096383413, 0.07125164419412613, 0.06726892610788346, 0.0618680143147707, 0.058675568767388664, 0.05576964537799358, 0.05427597883741061, 0.050136606579025585, 0.05186203876882792, 0.049076958565910656, 0.04804471582323313, 0.04533421786228816, 0.04431452241341273, 0.043578435602784155, 0.04389979572445154, 0.04329199904501438, 0.041787779269119106, 0.04117993114540974, 0.04201187159766753, 0.040146558875838914, 0.03945327229648828, 0.03967494501272837, 0.039841776143511136, 0.03791269544512033, 0.03832645469730099, 0.04009959689925114, 0.03643068007007241, 0.035099430408577124, 0.03819866073379914, 0.037006378841400143, 0.034584283232192196, 0.036617877540489036, 0.037054599729180335, 0.036073226526379586, 0.036207597886274256, 0.03700578129713734, 0.03466957865481576, 0.03546179029295842, 0.03426722089722752, 0.03504835604553421, 0.033445307552317775, 0.03519013023426135, 0.03352645233248671, 0.034997239536046984, 0.03134738446275393, 0.03373400137014687, 0.033464085764313735, 0.030450433156142633, 0.03525947201699019, 0.03309551694740852, 0.033684413966039814, 0.03105251947020491, 0.03244090772916873, 0.034692522571235895, 0.03217233075151841, 0.032413410555074615, 0.03108582556322217, 0.031123621133218208, 0.03140820091006657, 0.02958134726335605, 0.029890930255750816, 0.0319436079065005, 0.03045447251101335, 0.02861084566662709, 0.030871186054001253, 0.031742416753371555, 0.03045150605638822, 0.03150270252252618, 0.031018859716753167, 0.030182762745519478, 0.030600615159918864, 0.028854402824739615, 0.030015921984364587, 0.030265155450751383, 0.029016377853850524, 0.029367757950598993, 0.029858660562336443, 0.028083718972404796, 0.02736912869513035, 0.027826239190002284, 0.027766640190283458, 0.028072606557483476, 0.027893066433568797, 0.02799530451570948, 0.028559722877355913, 0.02831079415579637, 0.028579489790648224, 0.028156886406242847, 0.027601308185855548, 0.02837104341002802, 0.027302692438537876, 0.027606100383152563, 0.028180831274886926, 0.02805831099463006, 0.01605923456090192, 0.012270427407945195, 0.010508802798887093, 0.010193152164729933, 0.009401989719488968, 0.0092679533837984, 0.008775859663262964, 0.008284978608336921, 0.008033895154421529, 0.007625122621220847, 0.007432141861629982, 0.007054882413490365, 0.006829074886161834, 0.006799335447605699, 0.006629270929936319, 0.006044784563624611, 0.0063704968135183055, 0.005740817994748552, 0.005321952794678509, 0.005482545686233789, 0.005527752782311291, 0.006201859905198216, 0.004730517057577769, 0.004906462963639448, 0.005039741900811592, 0.0048071349240839485, 0.004118360259663314, 0.00435587632007276, 0.0038839567152007173, 0.0044522825776444125, 0.003979200845723971, 0.0041167907498311255, 0.003992500965266178, 0.0035114564311380186, 0.0034987657298333943, 0.003735585211822763, 0.003761094494536519, 0.0035368573010588684, 0.0036457883972674607, 0.003661698569760968, 0.003576166055110904, 0.002510827995308985, 0.00273728073357294, 0.003618651531916112, 0.0031216525602930536, 0.002765487948913748, 0.0030728278138053913, 0.00294895893476593, 0.0021050862890357775, 0.002628762797887127, 0.0020389404467927915, 0.0017319293599110097, 0.0016432066816681374, 0.0014641765538137407, 0.0013543427786945055, 0.0013373300703552861, 0.0011704089893649022, 0.0010950944984486947, 0.0013275612406277407, 0.0011150878718588502, 0.0012678512261870007, 0.0011188135759128879, 0.0011606002228644987, 0.0012452697600858907, 0.0010501418506726622, 0.001063656789297238, 0.0009864952969985703, 0.0010794626204762609, 0.0009286001618951559, 0.0009621161007167151, 0.0008657142284171034, 0.0008828926635595659, 0.000983869845412361, 0.0008326425257449349, 0.0009493555736339961, 0.0009436636371305213, 0.0008347174265809979, 0.0011220116749716303, 0.0010542328992509283, 0.0008943861570209265, 0.000704004137404263, 0.0008449340858729556, 0.0008191885839992513, 0.0007151359944293896, 0.0007788521971243123, 0.0007980192870212098, 0.0008350752935900042, 0.0010168531788047404, 0.0007459558093299469, 0.0008191002887984117, 0.0006562277445569634, 0.0007184220520158608, 0.0008328474052250385, 0.0007155073696126541, 0.0007989946637923518, 0.0007151146518997848, 0.000722846616168196, 0.0006658161426739146, 0.0008234408900219326, 0.0006960642878354217]}