{"accu": 0.9925, "f1score": [0.9974554707379135, 0.9964850615114236, 0.9815891472868217, 0.9975210708973723, 0.9954291518537329, 0.9826135726303982, 0.9890339425587468, 0.9931906614785992, 0.997946611909651, 0.9925261584454409], "recall": [0.9949238578680203, 0.9938650306748467, 0.9815891472868217, 0.9990069513406157, 0.9929078014184397, 0.9831649831649831, 0.9895506792058516, 0.9931906614785992, 0.997946611909651, 0.9979959919839679], "precision": [1.0, 0.9991189427312775, 0.9815891472868217, 0.996039603960396, 0.9979633401221996, 0.9820627802690582, 0.988517745302714, 0.9931906614785992, 0.997946611909651, 0.9871159563924677], "trainloss": [0.9497114479541778, 0.14812987663348515, 0.09726489489674568, 0.08058126227657, 0.06800048981110254, 0.06211454629302025, 0.05683570360640685, 0.05300477561901013, 0.04909377762377262, 0.04809823664178451, 0.04394974359075229, 0.044105674296617506, 0.044152350004017356, 0.043772267643610634, 0.04317561103105545, 0.040577989096442856, 0.04064363574236631, 0.040610936299463114, 0.03968917065461477, 0.03810381271143754, 0.0377697648242116, 0.03761207577288151, 0.03889843869705995, 0.036724587354809046, 0.03634217149714629, 0.03783314755707979, 0.03636623272448778, 0.03650978888074557, 0.03486780129422744, 0.0341643448335429, 0.034808581111083425, 0.03446047227196396, 0.03491125893443823, 0.034392078996698064, 0.03362640685836474, 0.03350880086521307, 0.034989925989508626, 0.031682820257047814, 0.033263381892442705, 0.0324564712104698, 0.033513256573180356, 0.032877235719561575, 0.03401150848269462, 0.03344575144400199, 0.03210113846262296, 0.03226633632133404, 0.034538941140348715, 0.03260586831594507, 0.03156541086807847, 0.03255765936474005, 0.029824250957369805, 0.03085427456771334, 0.03150799492870768, 0.03046943828711907, 0.03189458450054129, 0.030944582205514114, 0.030581178985287744, 0.030774634531885385, 0.03118927927389741, 0.03086277131785949, 0.030842858744536836, 0.029878943316886824, 0.029206950266907613, 0.03024167944341898, 0.029030006632457177, 0.028686734848717848, 0.02903764600083232, 0.031007712370902298, 0.02836037609751026, 0.028848086175570886, 0.029907393044481676, 0.029594231057415404, 0.027099808545658986, 0.02935453894933065, 0.029035922355453173, 0.027700268259520332, 0.030071165389815965, 0.027533229856441417, 0.02785646381949385, 0.027269514796386164, 0.028088579115023216, 0.02906482737263044, 0.028488454984376826, 0.026820758586376905, 0.026065900932749114, 0.02654412586092949, 0.026727167052030563, 0.029211419776082038, 0.028500716747840247, 0.02788471379255255, 0.025869517487535874, 0.02863140390738845, 0.026484808054069678, 0.027202550723900397, 0.028009936235596736, 0.028216840624064207, 0.0272689572746555, 0.027529888527592025, 0.02675559232408802, 0.026452261661489805, 0.016105551063021025, 0.01186432101627191, 0.01068212062070767, 0.009211902935554584, 0.00956449540387839, 0.008798495157063007, 0.008410020424782609, 0.007850840618771811, 0.007460017177338401, 0.007774708635297914, 0.0069801566750742495, 0.007109490183585634, 0.006917475866262491, 0.00664594668513164, 0.006176625839434564, 0.006110922613025953, 0.006078074711964776, 0.005345066943392158, 0.005864304586965591, 0.005074189874203876, 0.0055335145054695506, 0.0048061911335758245, 0.004994410458983233, 0.004882261538024371, 0.004927232244191691, 0.004495666228622819, 0.004316845659958199, 0.004119070512537534, 0.004202295907369504, 0.0038814349004998804, 0.003678416407465314, 0.003849249226242925, 0.0039746532855865855, 0.0036915149167956163, 0.00385242663078631, 0.0037900250741591058, 0.003401285938375319, 0.0032429331517467895, 0.003252965018339455, 0.0030723098392443113, 0.002617538356718918, 0.002789969423956548, 0.00322260465392222, 0.003623058715974912, 0.002853836455824785, 0.0028506504339010767, 0.0031149129496266443, 0.0026547408174412944, 0.002936543816452225, 0.0028540785934155185, 0.0020007038804081578, 0.0019438286364388963, 0.0017055623229903479, 0.001587127549915264, 0.0014388157752652964, 0.0014558900269563309, 0.001503673058305867, 0.001379040814517066, 0.0013456945447716862, 0.0013023555573852112, 0.0012405218993934493, 0.0011745170978674044, 0.0011544513577284913, 0.0011056836399560173, 0.0011644914283882827, 0.0010809669155317047, 0.001096147459349595, 0.0012322754840366542, 0.0012352821006284406, 0.001245703019737266, 0.000984501621654878, 0.0010080293142081549, 0.0009679558024586488, 0.0009519898760442933, 0.0010148265860509128, 0.001029807915429895, 0.0010607485846305888, 0.0010324119352114697, 0.0009344263249387344, 0.0009419907763289909, 0.0010782311573624612, 0.0009067939941460887, 0.0008349776418491577, 0.0009201653535788257, 0.0008877187382585059, 0.0007922737354567896, 0.0007901976774601887, 0.0009722046317455048, 0.0008978046342264861, 0.0010038306140340864, 0.0008198096671840176, 0.0009451940748995791, 0.0009585810218161592, 0.000755769704701379, 0.0009486581501318142, 0.0007684243396933501, 0.0006989381534590696, 0.0008197911143380528, 0.00069992611935207, 0.000807330884039402]}