{"accu": 0.9922000000000001, "f1score": [0.9974554707379135, 0.9978002639683238, 0.9796314258001939, 0.998017839444995, 0.9944020356234097, 0.9803701626472238, 0.9885057471264368, 0.995136186770428, 0.9969230769230769, 0.9920556107249254], "recall": [0.9949238578680203, 0.9964850615114236, 0.9805825242718447, 0.9990079365079365, 0.9938962360122076, 0.9809203142536476, 0.9895397489539749, 0.995136186770428, 0.9959016393442623, 0.9940298507462687], "precision": [1.0, 0.9991189427312775, 0.9786821705426356, 0.997029702970297, 0.994908350305499, 0.9798206278026906, 0.9874739039665971, 0.995136186770428, 0.997946611909651, 0.9900891972249752], "trainloss": [0.3415736276547114, 0.10148679774999618, 0.07517046865969897, 0.06497079537610213, 0.05844959576427937, 0.052113074293732645, 0.047425878409544625, 0.047173595173160235, 0.04458676451717814, 0.04317150638103485, 0.040704101592302325, 0.041584984475374225, 0.04105433639287948, 0.036363840752343335, 0.038843974983692166, 0.036678851636250814, 0.038076159652570885, 0.03790228425860405, 0.03669780240009229, 0.03620463917801778, 0.035658809149513644, 0.03270023027360439, 0.034441777700682484, 0.033249281451602775, 0.03345862099826336, 0.031428651010493434, 0.033562953446805474, 0.032815559414525824, 0.03255741966962814, 0.03169719034725179, 0.03199485343011717, 0.030974357298140725, 0.033414309842387836, 0.029872589270522196, 0.03139653888816635, 0.031239768935988347, 0.03189073884536823, 0.03147622514118751, 0.029715548649678628, 0.030490074303746225, 0.03004374592701594, 0.030897125176340343, 0.031157877878348034, 0.031448527742673954, 0.02954719271113475, 0.02906577116747697, 0.031547543151925005, 0.029910823843131464, 0.030735361606627702, 0.029726747240374485, 0.030056294039885204, 0.028820906942586103, 0.028415664040545623, 0.029500225744644802, 0.029424104022731382, 0.0278018361205856, 0.02982135748565197, 0.028043291039019824, 0.027258126222590606, 0.02971684646854798, 0.02787505263077716, 0.028445116258164246, 0.026837943045049904, 0.027956405361990132, 0.029144911614526064, 0.02813603996783495, 0.027257709560046594, 0.027365613498290378, 0.02785095830311378, 0.025988973639284572, 0.027005588260665535, 0.028532289770245554, 0.028786695286134877, 0.026934649741401275, 0.027702019486079612, 0.02692319214642048, 0.028121941950172185, 0.026474363845338425, 0.02498408381404976, 0.02831696928143501, 0.026355853623896836, 0.026178950462241966, 0.02542252592034638, 0.027211577270925043, 0.027093234396601718, 0.026270668051764368, 0.026520477904503546, 0.02700994335412979, 0.024675609478851158, 0.02305174036845565, 0.026921504829699794, 0.02462810600847006, 0.026805526766429343, 0.025714142555122575, 0.025012784380465745, 0.024082754142334063, 0.02651303486712277, 0.0270702305033803, 0.025158660948028166, 0.024902911187708376, 0.014503874752422173, 0.011360437650606035, 0.009712943299052616, 0.009364514052619536, 0.00897511386855816, 0.008410028144065291, 0.00798548956985275, 0.007506578706515332, 0.007278673521584521, 0.007266712949300805, 0.006000059978105128, 0.006423916568529481, 0.006239260637698074, 0.005842412454883258, 0.005900653077506771, 0.00542175170549502, 0.004977454721058408, 0.0048835807158922155, 0.005173657680551211, 0.0048318571065552535, 0.004833171954533706, 0.004157486226223409, 0.004850998151954264, 0.00442093314579688, 0.004088746202519785, 0.0038738925719633698, 0.00387292317901738, 0.003641667627093072, 0.0035847017180795472, 0.003291876399765412, 0.003349816503810386, 0.003097425808835154, 0.003643307679736366, 0.0034267357738999027, 0.003123813878201569, 0.0027751208479516207, 0.0029289015472944205, 0.0032645357079959165, 0.0026208994826457154, 0.002790248311807712, 0.002719273779867217, 0.0025558886263209084, 0.00231284082455871, 0.0024577002855328224, 0.0026903976519592108, 0.003253955084613214, 0.002412417116295546, 0.002737121548410505, 0.0021674905366574726, 0.0023917693173512817, 0.0016375807280186565, 0.0013038277651338528, 0.0013685970053387184, 0.0013472168605541811, 0.001294639960102116, 0.0012501891180717697, 0.0011949946774014583, 0.0010591074050792183, 0.0010329844902579983, 0.0011625695504636194, 0.0010130793928944816, 0.0010504826495889574, 0.0008836978335554401, 0.00107909008616892, 0.0008560725190366308, 0.0010523431630805136, 0.0008786035403376445, 0.0009644020353676751, 0.0008411931028279165, 0.0008170968398218975, 0.0008458858612148712, 0.000877483350946568, 0.000822331313850979, 0.0009099408158566803, 0.0008665697637479752, 0.000900461642537266, 0.0006929129712749273, 0.0008135404727732142, 0.0007481374915534009, 0.0008351427781550834, 0.0008389435394046208, 0.000843325490419132, 0.0007649508906838794, 0.0006997177358639116, 0.0006666991916174689, 0.0007452039086337512, 0.0007774544540016602, 0.0008787957053476323, 0.0006273978643119336, 0.0007389820590304832, 0.000590700264259552, 0.0006373502526742717, 0.0008078722329655042, 0.0007087557103562479, 0.000760600692142422, 0.0006684770309987167, 0.0006913818066939712, 0.0007347450333725041, 0.0006435341921790193, 0.0006262154734693468]}