{"accu": 0.9924000000000001, "f1score": [0.9964376590330789, 0.9977983267283135, 0.9816247582205029, 0.9970267591674925, 0.9959266802443992, 0.9831460674157303, 0.9874476987447699, 0.9931972789115645, 0.9969230769230769, 0.9930486593843099], "recall": [0.9939086294416244, 0.9973591549295775, 0.9797297297297297, 0.998015873015873, 0.9959266802443992, 0.9853603603603603, 0.989517819706499, 0.9922330097087378, 0.9959016393442623, 0.9950248756218906], "precision": [0.9989795918367347, 0.9982378854625551, 0.9835271317829457, 0.996039603960396, 0.9959266802443992, 0.9809417040358744, 0.9853862212943633, 0.9941634241245136, 0.997946611909651, 0.9910802775024777], "trainloss": [0.3709243316968282, 0.1049573536157608, 0.0807370890190204, 0.06700914187033971, 0.05874303650856018, 0.05385679284880559, 0.050801859419544536, 0.0468366475040714, 0.04704729803353548, 0.04198112964232763, 0.040880477650463584, 0.042065839494764806, 0.04122803076207638, 0.0380850130756696, 0.039900041454285384, 0.03782115584562222, 0.03730277123476068, 0.03611000718995929, 0.03579510412886739, 0.035155605932573476, 0.03454298601895571, 0.033467311726758875, 0.03332066828235984, 0.03566377270569404, 0.03436022931312521, 0.03343442773073912, 0.03328174617762367, 0.0330569184889396, 0.03313405713289976, 0.03088664851486683, 0.03217750312785308, 0.029386957867940267, 0.031001701419552167, 0.032203970398008826, 0.030285639867186548, 0.03306520008693139, 0.03052587570163111, 0.03256336923042933, 0.030776361008236806, 0.03169070855304599, 0.029641860708842675, 0.029461184852321944, 0.032927942251662415, 0.02930072546005249, 0.03062464923535784, 0.029829752629001935, 0.030495201482375462, 0.02788599599301815, 0.030714038913697006, 0.028585869898895423, 0.02960178930889815, 0.029341140493253867, 0.03052753539259235, 0.029255492587635913, 0.02766705040236314, 0.02917631972556313, 0.028349550524602335, 0.026213085011144478, 0.029645633412400882, 0.027439863063891727, 0.02983098932430148, 0.02918566781009237, 0.02818430958079795, 0.026265951533118885, 0.02698463722517093, 0.027957333852599065, 0.028209613574047884, 0.02713723232423266, 0.027848785472412905, 0.028612453663349153, 0.030129801981896163, 0.025014907340829572, 0.027591599934548138, 0.02558650870844722, 0.0274597943490992, 0.027656255517651638, 0.02732486917451024, 0.02765786630536119, 0.026487312922502556, 0.025258611962447563, 0.025964545199275015, 0.025596630508825182, 0.026777557610968748, 0.025232600120951732, 0.02714978893150886, 0.02762669673214356, 0.027189765764276185, 0.0267578092020005, 0.025380622196197508, 0.02686951919570565, 0.02534051770120859, 0.02531884707522889, 0.02442216930339734, 0.024753224822257957, 0.02497613826841116, 0.027147747698426247, 0.024957109216600656, 0.02363888349669675, 0.025405764346569777, 0.026372797608375548, 0.01371501260002454, 0.01093482934522132, 0.009670514536990475, 0.00914813392876337, 0.00838846261476477, 0.007617379090376198, 0.0074584617907802265, 0.007745878031135847, 0.006727799047747006, 0.006767987285616497, 0.006657978944076846, 0.0065271135470519465, 0.006050380595463018, 0.005696237543380509, 0.00595489195411404, 0.005262350807463129, 0.005524448467014978, 0.004811856225815912, 0.004887330236836958, 0.004481686704636862, 0.00502587238472576, 0.004749882577126846, 0.004483059397293255, 0.0043481718220903225, 0.004235807299241424, 0.003909352460720886, 0.0040229017417877915, 0.0038291362318520743, 0.004033635998051613, 0.003193025861432155, 0.0037146924211177977, 0.003165352339375143, 0.0031010905551103253, 0.002792464145583411, 0.0031082879906209806, 0.0028546693415846675, 0.002905493489156167, 0.003215632340187828, 0.00312113392772153, 0.002473369578504935, 0.0023993951437684398, 0.002816443701957663, 0.002653828214217598, 0.0025819223558840652, 0.0026178256709904722, 0.002373064860717083, 0.0023997562145348637, 0.0026513486162759365, 0.002682593496578435, 0.002430465686755876, 0.0016855092134637137, 0.001856018895888701, 0.0015165100702860704, 0.001273905159595112, 0.0013998489271849395, 0.0014420693235937506, 0.001518204762476186, 0.0010172583174115667, 0.0010508514388930053, 0.0011812868292133012, 0.0010141716091893614, 0.001228893913483868, 0.0011227857373965282, 0.001032965985670065, 0.001042022398998961, 0.0009623747228334347, 0.0009507610189573219, 0.0011332296839915215, 0.0008849343644532685, 0.001054965585283935, 0.0012009653532722344, 0.0009464444424801817, 0.0008800478150912871, 0.0010014263694329809, 0.0009052935601832966, 0.001008692716077591, 0.0010442384898196905, 0.001049555408291053, 0.0008470457267326613, 0.0011205802160625656, 0.0009366647221924116, 0.0009059084299796571, 0.0007933257275416205, 0.0009161813636310398, 0.0008977496600709856, 0.000799842038548862, 0.0007763644727878272, 0.0008899313532436887, 0.0009837399537519862, 0.000734336788378035, 0.0008181483451587459, 0.0007872889087690661, 0.0007939281505998224, 0.0008216453823881845, 0.0007543545848224312, 0.0009065627823739002, 0.0006975430792818467, 0.0006625414052512497, 0.0006691123593288163, 0.0008095432426159581]}