{"accu": 0.96319913952059, "f1score": [0.9691252144082333, 0.9716907458024209, 0.9719874426467037, 0.9424648009734052, 0.9702228357325972, 0.959679121807051, 0.9579107505070993, 0.9607598100474882, 0.9589123867069488, 0.9522332506203474], "recall": [0.9663625997719498, 0.9673469387755103, 0.9738688603919671, 0.9442702890978754, 0.9654631083202512, 0.9660008499787506, 0.9603457041179461, 0.9697275479313825, 0.9618181818181818, 0.9422958870472683], "precision": [0.9719036697247706, 0.9760737399490096, 0.9701132803085081, 0.9406662040249827, 0.9750297265160524, 0.9534395973154363, 0.9554881133029843, 0.9519564140663694, 0.9560240963855422, 0.9623824451410659], "trainloss": [2.2806038921564804, 2.225068148913527, 1.4404176376461095, 0.4979611200676869, 0.37512478611701544, 0.3287180180115595, 0.29742360043537613, 0.2796989251200478, 0.2661878464132682, 0.25762830221452176, 0.24978051532018158, 0.24476545068237313, 0.2385725814143867, 0.2351533482480645, 0.2316204955946831, 0.22770710443743977, 0.22419769930506273, 0.22087126056210052, 0.21694104875449063, 0.21754980661138826, 0.21643951559756086, 0.21307730839179798, 0.21005190065471835, 0.20967852169849469, 0.20830722949524363, 0.20357047266131179, 0.20285340358285145, 0.20270670594629397, 0.2014579723140363, 0.1987505667805078, 0.19870858986973103, 0.19831460398445439, 0.19503305921613048, 0.19596120683999319, 0.19359859911257618, 0.19152012042482477, 0.19532807016367149, 0.19066557672837345, 0.1926898409731713, 0.18975682723241807, 0.19122684966530584, 0.18926107807123999, 0.18791964549985163, 0.1878116287549685, 0.1844291317453483, 0.18506850532885633, 0.1840461359606352, 0.18599701473502092, 0.18401026886248875, 0.18341500563636134, 0.183673587828207, 0.18227394609601524, 0.18044315097841565, 0.1832047269714071, 0.18315741175741598, 0.18077119755907986, 0.18148431500365383, 0.1794247735325638, 0.18165221895162595, 0.17888694791175166, 0.17890587984182857, 0.17785189981022273, 0.1790634771244241, 0.17700322761445997, 0.17556009036941353, 0.17722810773905334, 0.17656451558040612, 0.17684944233059946, 0.17887866305387473, 0.17882391588629754, 0.17618514616312655, 0.17427245745153916, 0.17759855506048938, 0.17457934712516487, 0.17687389248040566, 0.17781254185307535, 0.17542835023295703, 0.1732068174938469, 0.17440318698874968, 0.17510307997211685, 0.17337656030719087, 0.17308289670658789, 0.1715482071056096, 0.17392018506605772, 0.17122015168375654, 0.17628762891947647, 0.17335228743150996, 0.17375514292151664, 0.17366119713280323, 0.1720048595968753, 0.17123858285593518, 0.17431234909973356, 0.17187409197146114, 0.17205987088604469, 0.1733392280971252, 0.16945686508872979, 0.17413219373575003, 0.17227543859415614, 0.17044619481483214, 0.17358165525924837, 0.11178165221959342, 0.09041339975069945, 0.08194768477035941, 0.07651480795725045, 0.07124687458880516, 0.06801704113034557, 0.06283500360715703, 0.058865111920302346, 0.055127780475804015, 0.05142829268504468, 0.049857303922860176, 0.04621238880316508, 0.04549966123607036, 0.04234764123843013, 0.04084632992306353, 0.03759102601039429, 0.03753000420847882, 0.03459819834560561, 0.033395412952310924, 0.034954056170509014, 0.0325229359008739, 0.03193288054322575, 0.031112260643654133, 0.03078364131365449, 0.03163859319110509, 0.028775881038572412, 0.02852927991809652, 0.029962139748506127, 0.028560246212558482, 0.026560178401872706, 0.027528278008865138, 0.028792317537052463, 0.026473316417391625, 0.026728563954562988, 0.027403145049763575, 0.026880390708277625, 0.027318506880096346, 0.024462079914451786, 0.026796040420274662, 0.026882987478747074, 0.02755805114350647, 0.025991318281415765, 0.02706001031106596, 0.02638880910309741, 0.02655850416097798, 0.02719157121537845, 0.022439031194679535, 0.028076759496434508, 0.02742973808006564, 0.024692607182239836, 0.015183588104632727, 0.011086169787575383, 0.008430025555204713, 0.0073457730383709305, 0.007028511762480382, 0.007198366729930947, 0.0062230198975862325, 0.006241821088233466, 0.005517814624142767, 0.005036151086328308, 0.005442448768725629, 0.004704134571944918, 0.0047452036606318035, 0.004098402239968379, 0.004378958925436747, 0.004266003574305535, 0.004180445427400026, 0.0035314532272465913, 0.0041595098296402875, 0.0035604519523877716, 0.0035405783035386876, 0.0033250322585329163, 0.0032074867656758745, 0.003261562950952184, 0.0033026031728619876, 0.0031041818170892592, 0.0027173688629324837, 0.003115750015930382, 0.002894964670836035, 0.0025451893634097817, 0.002671150754476277, 0.0027405001542760254, 0.0028596913736876617, 0.002546402097370988, 0.0023201129506652883, 0.002530218633459223, 0.0022870475034493373, 0.002201744758604255, 0.002361258895781211, 0.002266959538233379, 0.002245427932843707, 0.0025093975442093104, 0.002061722333581231, 0.002223266114964641, 0.00203496115057053, 0.002106524777420073, 0.0020655028242655667, 0.002011299730903247, 0.002135642783804092, 0.001877751223883451]}