{"accu": 0.9645820528580208, "f1score": [0.9699226582641077, 0.9722681716454219, 0.9708197118295194, 0.9472944483485594, 0.9759682224428996, 0.9629473684210526, 0.957860206913954, 0.9616151545363908, 0.9644578313253012, 0.9457886676875957], "recall": [0.9690898683457355, 0.9648512939358825, 0.975425790754258, 0.9594306049822064, 0.9781050955414012, 0.9666103127641589, 0.9556898288016112, 0.9678876066231812, 0.9644578313253012, 0.9245508982035928], "precision": [0.970756880733945, 0.9797999607766229, 0.9662569293805736, 0.9354614850798056, 0.9738406658739596, 0.9593120805369127, 0.9600404653515427, 0.9554234769687965, 0.9644578313253012, 0.9680250783699059], "trainloss": [2.2011983896458163, 0.79831298421137, 0.4021696484752663, 0.3385593661108127, 0.3061002782486398, 0.2807291449527964, 0.26777788347291676, 0.2541515409449309, 0.24722897111071784, 0.24045868123786895, 0.2325270462649534, 0.23053293561041074, 0.22354024872620112, 0.22104470007452, 0.21659178770732282, 0.21477543586998785, 0.21158197481481514, 0.20735634307560477, 0.2074697542841177, 0.20322440435691208, 0.20184793768246623, 0.1999020538223882, 0.1979164684743272, 0.19696126467862796, 0.19535524393562598, 0.1944127743501435, 0.1926316535140133, 0.1903776897355917, 0.19025424034347624, 0.18654615191848373, 0.1866878840181337, 0.18882454698649181, 0.18443356505733274, 0.1859175090009061, 0.183082550992716, 0.18257783124798263, 0.18111290251862752, 0.18068199079211025, 0.18312702394400196, 0.18087500159016667, 0.17803528006313224, 0.17738835756157456, 0.17838389135197735, 0.18009539457903526, 0.17566883197695743, 0.17486776550197533, 0.17608911421052384, 0.1742073981297866, 0.17297574116570869, 0.17466926612886974, 0.17332292597556853, 0.1721520475461575, 0.17194820675980976, 0.17134905773029346, 0.17297738204082833, 0.17177180815884494, 0.17093952405149568, 0.16937443976990088, 0.16980386318677745, 0.16964594062755864, 0.17127206957067306, 0.16962375882596784, 0.1681101014556028, 0.17180817116164346, 0.16887480964830792, 0.16835500545811835, 0.16814767906627465, 0.16906249053449893, 0.1674950619087056, 0.1677258195734664, 0.166479094813804, 0.16634314170471273, 0.16665180352502576, 0.166003301642463, 0.1694490952345273, 0.16748280212839867, 0.16769960133755815, 0.16497080987679003, 0.1626439617782567, 0.16610771164617208, 0.16724335114965047, 0.1634179018590928, 0.16451784064709632, 0.16215043811273414, 0.1652364351173381, 0.163840595588194, 0.16384341792735693, 0.16493016955953627, 0.16397419373755787, 0.16172756603011573, 0.16485673459728198, 0.16298308315966023, 0.1628011796918768, 0.16319771290520285, 0.16317342304117707, 0.160498249052292, 0.16323311430071902, 0.16079698513004825, 0.16275092734046737, 0.16344810221372455, 0.09884039738082667, 0.07995413731159823, 0.07182505135955779, 0.06489878924406672, 0.05949141686629404, 0.055074326145925105, 0.050801877753266576, 0.04782377775816324, 0.0455822084824819, 0.04198808588205231, 0.03956674074354089, 0.03747011534851555, 0.033721426749673634, 0.034484838633229216, 0.03220171271167669, 0.03020354989827959, 0.02848905390772538, 0.027755255132889383, 0.028357184669430942, 0.026724879994991697, 0.026898326256826942, 0.023620760319946577, 0.02491318491524285, 0.024354132955188373, 0.024702467606255146, 0.024698244604555705, 0.022672171334081694, 0.025160807898841946, 0.022499177955639164, 0.02436368319436479, 0.022716681692702835, 0.0225502926196877, 0.02209522626106763, 0.02150431969990122, 0.023573828252745323, 0.021473938994154534, 0.02011823850388899, 0.02087876974635001, 0.022651039328292787, 0.022113955866071483, 0.022290765716718793, 0.020041723823185538, 0.020739567086988663, 0.023058400484558924, 0.021055993551191914, 0.023747271914563692, 0.02209027851721794, 0.023358254907470177, 0.022719366828443444, 0.021958605833677574, 0.013466441045397841, 0.007905479819088007, 0.006345275516516739, 0.005526185947292663, 0.005395095517634299, 0.004822362392192473, 0.003840825406610148, 0.0038482514569746227, 0.0036740963957640864, 0.003218468133968367, 0.0033580760545458147, 0.0029395150286593706, 0.002626329883505685, 0.0025687788708984543, 0.0028468029464840624, 0.0029205299998449866, 0.002374089640604991, 0.0023143285207863195, 0.0027214333813772623, 0.00201418759177589, 0.0021163798381095785, 0.0019525058207446441, 0.001983234626442785, 0.0018126568728317656, 0.0019809228989142546, 0.0018643591458647254, 0.0016632701077191143, 0.001712155486941768, 0.0016619805522100043, 0.0017604751679064106, 0.0017601288369531282, 0.001596584661120685, 0.0015552962482234547, 0.0014876195923425703, 0.0014182699114235059, 0.001495440229728517, 0.0014269155939912693, 0.0014707267042688933, 0.0013342181691602193, 0.0012293314640407051, 0.0014044969728020773, 0.0013872313758461227, 0.001308908208002766, 0.001088060260969171, 0.0010991720925424369, 0.0012155293389972603, 0.0011695922714315568, 0.0012678939015846294, 0.0010818986576905825, 0.0012094775542874742]}