{"accu": 0.9652735095267363, "f1score": [0.9656737588652482, 0.9720046985121378, 0.9725480711089611, 0.9513305322128851, 0.9719478467009088, 0.9642406394615062, 0.9564115560060821, 0.9637896825396824, 0.9698431845597104, 0.9486386138613861], "recall": [0.9556428972487366, 0.9702950947820989, 0.9759708737864078, 0.9600706713780919, 0.968885387948011, 0.9670886075949368, 0.9583544946673438, 0.9652260307998013, 0.9710144927536232, 0.9364691508857667], "precision": [0.9759174311926605, 0.9737203373210433, 0.9691491925765244, 0.9427480916030534, 0.9750297265160524, 0.9614093959731543, 0.9544764795144158, 0.9623576027736503, 0.9686746987951808, 0.961128526645768], "trainloss": [2.2569606820307806, 1.0182261343307075, 0.42276476217424885, 0.3485399782769498, 0.31454592733191683, 0.29093855163183296, 0.27514729875945254, 0.2645432145871667, 0.25754987468886376, 0.2472222750761096, 0.24065653005508367, 0.23637979219202174, 0.23451964212697077, 0.2308333956188975, 0.22732133919186703, 0.22191943866360359, 0.2194136663261834, 0.22068380787194664, 0.21674554698051357, 0.2148271327438119, 0.2123215889848385, 0.21044352082479306, 0.20877294183739126, 0.20877126924840955, 0.20629918593115698, 0.20281746570230783, 0.20247427481026328, 0.20212523476820407, 0.20074987484441628, 0.20111201411167784, 0.19905362646505897, 0.19809467511610765, 0.1975604277244746, 0.19548819455867827, 0.1954871121472751, 0.1939402000596764, 0.1946403978607511, 0.1919581476684766, 0.19440626853473542, 0.1920220099130918, 0.1927060455178229, 0.1901225710860364, 0.18865536825086157, 0.18870550372374786, 0.19259765256830236, 0.18855638993968296, 0.18924968689751293, 0.18521719005723739, 0.1866891376258152, 0.1867541600881348, 0.18619425053351232, 0.18572502428521617, 0.18655907407256334, 0.18641861804438983, 0.18603599272450816, 0.18455301547696057, 0.18455877979493937, 0.1841417039852528, 0.18779645255031904, 0.18369329802333223, 0.1843758431641139, 0.1809629277412908, 0.18436923207662037, 0.18161891620516532, 0.18467503917245406, 0.18243987725036867, 0.18274567318538376, 0.18285530189887905, 0.18202869195679178, 0.18136130232151731, 0.18185942602189814, 0.18215471501989564, 0.18339424364141954, 0.18237142792415734, 0.17941230945143188, 0.1809128522855635, 0.17902211175449978, 0.17986396758227363, 0.1760461222406487, 0.18110867191990862, 0.17992244445433633, 0.1785848894349335, 0.17998965690224544, 0.17877988873250814, 0.17856101059867216, 0.18141894323420613, 0.17877267171937994, 0.17923421126153408, 0.17892412420644008, 0.17849388834263616, 0.18008579048865167, 0.17658784743342745, 0.1778114901877124, 0.17966024660405264, 0.17820279277695442, 0.17584574838254388, 0.17911912226642118, 0.17733483191423005, 0.1790410302679989, 0.17752087008953177, 0.11841380320180123, 0.09921528342452993, 0.09125188137277045, 0.08534990449556262, 0.08106326480542077, 0.07779425374508271, 0.07421099131297267, 0.06772304746877807, 0.06737264204314028, 0.06410504620920587, 0.06084295432634739, 0.05929082694165704, 0.0566509926418142, 0.05327449784990542, 0.053143242607627365, 0.051865288466086984, 0.04861254409753549, 0.048143834784323984, 0.0476713137545571, 0.045626809060824176, 0.045525167245464716, 0.04464663494163884, 0.0444535072244378, 0.04030188184936346, 0.04178270932429822, 0.04123097967609129, 0.0418976854306359, 0.04053905809102046, 0.04057024824016739, 0.04115899324265371, 0.0389775394854235, 0.038409868531868945, 0.037938936367082364, 0.040697637647266284, 0.04017287869547617, 0.0379704185046718, 0.039335270672318796, 0.03884277267886182, 0.038403775197331076, 0.04036383116555632, 0.03767101725763689, 0.036998091770878955, 0.03796694295031999, 0.03487989688595099, 0.0355966660835258, 0.03633929388441364, 0.03967587325160518, 0.03712889780691968, 0.037117753964414475, 0.038540604405548747, 0.023462897343620424, 0.017352325009001034, 0.015550645571675221, 0.014057141461335054, 0.012140764053119835, 0.011180976631219086, 0.01139376307928373, 0.010524361006138952, 0.010012188482495108, 0.01010013260735702, 0.009255179818215933, 0.00863081506126385, 0.008816290481664357, 0.008084985324890714, 0.007560911602100933, 0.007468379071919775, 0.007382819854125838, 0.007102660259852654, 0.006095500690745449, 0.006857495053185292, 0.006732050981836305, 0.006409915300379851, 0.005863976152338521, 0.0062767097681192974, 0.005634565113864894, 0.005798008049457831, 0.0051908252224590334, 0.00504045848920361, 0.004889109476203576, 0.004729856889704172, 0.00489943493687888, 0.004885507688350725, 0.0045751691170628165, 0.004545074074620309, 0.004802686287260015, 0.004503143784000534, 0.003930966213230169, 0.0043444354545230405, 0.004217387722389081, 0.0037646689276154685, 0.0036735614385504513, 0.003918903492829387, 0.003855741970234243, 0.003728190435226711, 0.003118646185350496, 0.003351623668478216, 0.003368640262433903, 0.0030964830654122114, 0.0032799129757732893, 0.003849927521385207]}