{"accu": 0.9671558082360171, "f1score": [0.9690076769974411, 0.9741985926505082, 0.972366356944612, 0.9529944289693593, 0.9739027283511269, 0.9669682305912055, 0.961314791403287, 0.9651394422310756, 0.9666464523953913, 0.9544319600499375], "recall": [0.961082910321489, 0.97097214104812, 0.973658772353794, 0.956324248777079, 0.9715976331360947, 0.9700295483326298, 0.961071789686552, 0.9704556835252879, 0.9731379731379731, 0.9502796768178993], "precision": [0.9770642201834863, 0.9774465581486566, 0.9710773680404917, 0.9496877168632893, 0.976218787158145, 0.9639261744966443, 0.9615579160343956, 0.9598811292719168, 0.9602409638554217, 0.9586206896551724], "trainloss": [2.268374365807452, 1.9470479747101401, 0.5378202184883619, 0.37704558700442303, 0.32448216728841794, 0.29575354848122887, 0.27370210743712653, 0.2609289393839072, 0.2509772064919718, 0.24431144110681982, 0.23568133204357286, 0.2329064513167092, 0.22470489859878784, 0.22302465036511218, 0.21865044954267107, 0.21482582264662403, 0.21302198182937368, 0.21146371071801973, 0.20767524295527587, 0.2029870080859108, 0.2031718631493498, 0.1996521515206294, 0.19974266687569267, 0.197720308023543, 0.19573003503362627, 0.19565344240706053, 0.19356077587696302, 0.19077083124868577, 0.1888921111645162, 0.18935836745529008, 0.1881110574004337, 0.18710418601214876, 0.18385517353697114, 0.184938098671598, 0.18712485343698304, 0.18178107714346112, 0.18274396537403326, 0.1808777690644286, 0.18239318505465527, 0.18314662726692185, 0.17865873810095523, 0.1788475226187248, 0.17717201264207538, 0.1772437548232036, 0.17848770014060625, 0.1750603522773063, 0.17439396904260301, 0.17503113244677526, 0.17568181423830642, 0.17398318948753635, 0.17241772202141287, 0.17374248425642605, 0.17284861366989843, 0.17243634005989308, 0.1733444688588278, 0.17266037395059952, 0.17126909611537386, 0.1741166395817192, 0.17204524232068136, 0.16895624275833662, 0.17258167758486181, 0.1705670984164697, 0.169635625393155, 0.16837491410208227, 0.1677422993730177, 0.17004250418631014, 0.16726905403499503, 0.1681859872117542, 0.16791263037449472, 0.16626177650799187, 0.16491042902071457, 0.16725889996484608, 0.16559134691561891, 0.16787503768213582, 0.16686417495867367, 0.16490045929926928, 0.1635717504552426, 0.16653034051290277, 0.16247738261881692, 0.16550099084240907, 0.16500165464666308, 0.1646404724886922, 0.16406062194394566, 0.1639365261682726, 0.1627229055395381, 0.1653970989283999, 0.16275468836587884, 0.1628870748928343, 0.16352121507208425, 0.16360408990164801, 0.16299055425409345, 0.1618908902744043, 0.16223799884388465, 0.16276717969214666, 0.16146989887853377, 0.16128562916983682, 0.16117826334199795, 0.16009146000213634, 0.1623394464309658, 0.16096580777065211, 0.09929944555671752, 0.07937457490722727, 0.06991438385073391, 0.06360497772035605, 0.05908529058269454, 0.05471304732252662, 0.05020438419412883, 0.04729645152997503, 0.04267034689364058, 0.04003107810966666, 0.04063016366736983, 0.036140777090413106, 0.03455074299962622, 0.034227707380693626, 0.03152615832157027, 0.031384120208610575, 0.027656599721927674, 0.02747716734720451, 0.027323491238855486, 0.025120328797952233, 0.024018596979526696, 0.025538546549215068, 0.024191906479501667, 0.025896586375786422, 0.02403587324610374, 0.02106510163883561, 0.02355064101001456, 0.022003692241067827, 0.023542271947498944, 0.020432001647396173, 0.02115286371644233, 0.021348166796345294, 0.020965679544612596, 0.0223197806997113, 0.02142372902492715, 0.021756241920049046, 0.02126546199331769, 0.02391194607965632, 0.020476235022652764, 0.020311442763030287, 0.02157071770912696, 0.020459524567717775, 0.022469251678042788, 0.019906757776487708, 0.021511157656659213, 0.02185357872458544, 0.02348781382560257, 0.021643925438487543, 0.023080373102593768, 0.01963920269022585, 0.013016255074781293, 0.00708271784267192, 0.007123373097286593, 0.005665590712824402, 0.004966514503762643, 0.00457823011387245, 0.004183819339496927, 0.003768497977177623, 0.0038418617400544004, 0.0034580513771727155, 0.0031745747190611547, 0.0028193794849952288, 0.00287746638532384, 0.002612462325894899, 0.0024078204959443253, 0.0023888047095492167, 0.002298546726961158, 0.002457422210461645, 0.0021513899205204147, 0.0022223869542536824, 0.001856546670685911, 0.001956207925592202, 0.0017312677432906392, 0.0020082018458432668, 0.0018017450259059681, 0.0016857371063254886, 0.0016528654536344355, 0.0017197105474359437, 0.0017132738845175835, 0.001618302835224609, 0.0015066961116921185, 0.0014017406415715841, 0.001445403414356426, 0.0015273791766277764, 0.00153235372038737, 0.0013561098770796208, 0.0014821079390968418, 0.0014855310503675521, 0.0013902533345279348, 0.0013406102123488114, 0.0015304914883564385, 0.0011282596480564908, 0.0012144826544328697, 0.00110189273684092, 0.0011973411592313271, 0.0011917601976711631, 0.00112991194136937, 0.0011920466379892554, 0.0012594610594418782, 0.0012510838065314363]}