{"accu": 0.9647357098955132, "f1score": [0.9667519181585678, 0.9698865858427844, 0.9730708851587972, 0.9485474273713685, 0.9756772790191812, 0.9567408651826963, 0.9583438525624842, 0.9611553784860558, 0.9670794321957112, 0.9580093312597202], "recall": [0.9583098591549296, 0.9670501072333788, 0.9750726040658277, 0.9569209039548022, 0.973559589581689, 0.9579478553406223, 0.9566532258064516, 0.9664496745117677, 0.9697153240460327, 0.9506172839506173], "precision": [0.9753440366972477, 0.9727397528927241, 0.9710773680404917, 0.9403192227619709, 0.977804201347602, 0.9555369127516778, 0.9600404653515427, 0.9559187716691432, 0.9644578313253012, 0.9655172413793104], "trainloss": [2.3264731906927736, 2.2330159632728117, 2.1646721444463926, 1.1185790378063512, 0.44862877356976294, 0.3451892377745811, 0.30067831156737346, 0.2762206866367981, 0.2614576968001192, 0.24839430462841008, 0.24284466379644706, 0.23674160351494597, 0.23106755290200734, 0.22406900027089954, 0.22358134702174096, 0.21924662254686147, 0.215217202216554, 0.2143278867244291, 0.21033054119332498, 0.20737105860254768, 0.20607232890656718, 0.20184162281558263, 0.20253074471872778, 0.20157963951755, 0.1976800326678544, 0.19579974615680631, 0.1966662916852438, 0.1944948307408989, 0.19200347442119048, 0.1907319409754269, 0.19058085442983116, 0.18862665500641618, 0.18716180570272978, 0.18608479170041467, 0.18472296960900747, 0.18474465954067298, 0.18495080717412332, 0.1841661271888078, 0.1818495836233867, 0.18166961012234248, 0.18260552178778114, 0.18140023043400672, 0.17850743223173454, 0.1788599430277604, 0.17917230704377907, 0.1797648171461766, 0.17728840398193602, 0.17570506417369067, 0.17747762735067, 0.17405882306916773, 0.17560649096114725, 0.1734228619941631, 0.17513085997115874, 0.17265986783571172, 0.17546901737912024, 0.17376561530167006, 0.1728430928371722, 0.17454554588292173, 0.17063746342311475, 0.1714094974122863, 0.17240244523087422, 0.16948808616227518, 0.17024652759217837, 0.17055819262653255, 0.1698026395908537, 0.16845740356809433, 0.16974204482690272, 0.17257972618324863, 0.1682619336014459, 0.16709540923544391, 0.16896526044214827, 0.16889515139824332, 0.1662837085517441, 0.16900746516584056, 0.16639746928541457, 0.16700572794669968, 0.16412771119482597, 0.166271316600444, 0.16638539797061377, 0.16522549154626417, 0.16510300893575897, 0.16620779032003874, 0.1650862257280255, 0.16542360880955456, 0.16433747100528645, 0.16531458754838307, 0.16492982419440572, 0.16431210920775452, 0.1638006307361154, 0.1634425903467754, 0.1629926566810715, 0.1657456459852402, 0.16139322173669143, 0.16181146832908946, 0.1613354163797208, 0.1627697556818749, 0.1615262899191798, 0.16303216173498572, 0.1641980801984654, 0.16271463048945142, 0.10121253025684407, 0.08116873718371713, 0.07212256992144932, 0.06473348186775048, 0.06156248566928415, 0.055128115072899504, 0.05289046309947809, 0.04877536490019323, 0.045283872941473166, 0.04370941563055306, 0.04020059728049595, 0.037868981513871955, 0.0370275631251217, 0.03464049339528456, 0.03395555517227196, 0.03215187825147747, 0.02910344102395186, 0.030112285514122376, 0.027754852160619608, 0.0277873773206501, 0.02747769092005859, 0.027036572354078404, 0.027720048590671363, 0.026920590659554836, 0.025748852433497626, 0.025712195676529655, 0.024565872848232993, 0.024638542549890265, 0.023340528920919965, 0.02426409768991377, 0.025669266952861203, 0.02545763740561218, 0.02481037611509209, 0.02389886701252727, 0.02411601117360865, 0.023916118182591272, 0.025810391735546775, 0.023811523690588872, 0.024767178851751042, 0.022434268340983846, 0.02217903680489085, 0.02410417152709559, 0.025157056327593488, 0.021164307350970142, 0.022125405963325403, 0.021768172342374305, 0.022384021808643302, 0.022034817910400083, 0.023707739741271407, 0.023372088001293274, 0.013343859472219062, 0.008343241423154265, 0.006898983470401704, 0.00631870740798794, 0.005673144238419975, 0.005659770280612872, 0.004376717704262999, 0.00439156749393002, 0.004115836250282231, 0.003598328632589987, 0.0036765446126864184, 0.003253748500895107, 0.003249869957073707, 0.003084615726641616, 0.002918774927575306, 0.0026128744018704122, 0.0028702161700761013, 0.002525238972673391, 0.002542385274741392, 0.0026092777908997915, 0.002317311399157893, 0.0023042071600239008, 0.0021633723061988564, 0.0024503654666543843, 0.0019451978999893995, 0.00202511137480244, 0.0020858444418299315, 0.0017995297465755336, 0.0018157947245325498, 0.0019006426005758498, 0.001830006140859172, 0.001574822418266201, 0.0016712760101957893, 0.0018209733420345446, 0.0016138776960019261, 0.0015918119004053456, 0.0016352466020497923, 0.0013820077303314034, 0.0016711463907953929, 0.0014726183842959783, 0.0014881182623480082, 0.001360309973739512, 0.0012982806845680363, 0.0013686194738317045, 0.0011857792933101347, 0.001279019803724285, 0.0013003425351313966, 0.001208079369144757, 0.0012938644285318806, 0.0012142517135863395]}