{"accu": 0.9686155500921941, "f1score": [0.9720638540478906, 0.9749167156574564, 0.9738017626463842, 0.9547826086956521, 0.9768270944741533, 0.9660552393000211, 0.960446247464503, 0.9642502482621649, 0.9729241877256317, 0.9581913905233819], "recall": [0.9665532879818595, 0.9741531231642843, 0.9755684567005322, 0.9571129707112971, 0.9762470308788599, 0.9711742263671047, 0.9628876461616676, 0.966650074664012, 0.9717548076923077, 0.9467564259485924], "precision": [0.9776376146788991, 0.9756815061776819, 0.9720414557724752, 0.9524635669673838, 0.9774078478002378, 0.9609899328859061, 0.9580171977744056, 0.9618623080733036, 0.9740963855421687, 0.9699059561128527], "trainloss": [2.259766891192493, 1.5660259209680365, 0.5064750465050681, 0.36923434395317994, 0.32310717098697334, 0.2964938886669391, 0.28183630396576226, 0.2673519188241089, 0.2569290768792309, 0.25033209423618746, 0.2426024045632119, 0.24162209255112746, 0.2361808132473256, 0.2309109720642366, 0.22733675371156023, 0.22466010623669672, 0.22014937411124624, 0.21948503360530788, 0.21646000219002948, 0.21233361047278188, 0.21103112826208936, 0.20824153058543415, 0.20652275010993248, 0.2060972000324331, 0.20250701564338772, 0.20249787215402534, 0.19890158669864805, 0.1995600024289971, 0.197911103618357, 0.19805382481199932, 0.19692082040680386, 0.1954295400005863, 0.1953034381961846, 0.1935193936937276, 0.19035515271256695, 0.19000974658575154, 0.19111078171941295, 0.18912734251059962, 0.18811150888530745, 0.18684493147448714, 0.18511372114280447, 0.18727776204175883, 0.183890716585358, 0.18746928081978406, 0.18323719870113847, 0.18494850462750193, 0.1836523826621906, 0.1820060859992424, 0.18277035870303512, 0.18222690686573959, 0.18123549347961573, 0.18453845434206206, 0.17977263527003595, 0.1795372019072116, 0.17836118685783744, 0.17879050826612877, 0.17605105184996706, 0.17791758168963245, 0.17819972024486022, 0.17687528052101809, 0.17868636664076004, 0.17973621527950523, 0.17704868819274977, 0.17780037301405252, 0.1744411594653443, 0.1751518760825954, 0.17387665821849607, 0.1755413487713273, 0.17601869464704126, 0.17560194698245712, 0.17632064748065357, 0.1774531389854276, 0.17414070350938268, 0.17375077142198242, 0.17550103584165397, 0.1731549928509613, 0.17271011156378377, 0.17254789214915503, 0.17343625288970746, 0.17152031653953265, 0.17370540245978738, 0.17106585410746528, 0.17271589740379747, 0.17354390574384873, 0.17299814962668045, 0.1716738775740066, 0.1711863587546515, 0.17155598767663888, 0.17227247974451515, 0.17158443757661762, 0.16838373862681796, 0.1741082979915414, 0.17284985848589585, 0.1697721774729073, 0.1682273744879792, 0.16989376617341723, 0.17013694534592944, 0.16956408437760118, 0.16958353503801585, 0.1691909851597251, 0.10750728241500956, 0.08992619266237742, 0.08119190519200575, 0.07338163329026524, 0.0701500134160963, 0.0651551166344568, 0.060401763957802015, 0.05846585389000128, 0.05513347203266999, 0.05238953881580108, 0.048209926107892535, 0.0464014769585245, 0.04200554896001994, 0.04171300630927043, 0.04030621666664384, 0.03920976486579449, 0.038149033870872394, 0.03588217070927614, 0.03533248620521886, 0.03462289861270338, 0.034019595951337, 0.032897734445926904, 0.03203987061952164, 0.031957248344980614, 0.03095510643736981, 0.030446632076158806, 0.030047546929766526, 0.029562444717140948, 0.02886610369089569, 0.029466018940217713, 0.028458190882769165, 0.028171741161645714, 0.029457058865909914, 0.026124325851829888, 0.02841045703401116, 0.025937686154064644, 0.02664820544298305, 0.027715896706603686, 0.030069205761783686, 0.02857271427573577, 0.026485516778213564, 0.025766705198712242, 0.0282766990354597, 0.02721851502223168, 0.025501960068765168, 0.026972068097821593, 0.029328581161547566, 0.025499770667163964, 0.030293054535051548, 0.02598689659866199, 0.01683614730371391, 0.011035449129361625, 0.008839357205266737, 0.007554631912794767, 0.007320763023893169, 0.007156632132380989, 0.006062175484891791, 0.005912148975256685, 0.005213454174592209, 0.0055352284939540015, 0.004588918256936172, 0.004506122275385523, 0.004291247732901727, 0.003851129702896674, 0.00410304130056949, 0.0037215163172075903, 0.003785321829935101, 0.004013376900086367, 0.003922250271574572, 0.003483926224244601, 0.0029972753214793525, 0.0029595510286112114, 0.00285709888184242, 0.0030285912447240507, 0.003111963249437273, 0.0031040919320965378, 0.002815565012155308, 0.0027349066127024444, 0.002555137982446568, 0.0026835671291378467, 0.0025559807315045017, 0.0025116685486238975, 0.0022177968421104094, 0.002410998790656188, 0.0023062871866087365, 0.0024104911343861206, 0.0020199158518568114, 0.002158042609690749, 0.001900769807505999, 0.002299311694029686, 0.001848626718634392, 0.0020160170265385055, 0.0018019502895366489, 0.0018699079116136872, 0.0020083699230103473, 0.0018335810392809328, 0.002045913232608118, 0.0015897574616343594, 0.001605618744688115, 0.001693831361038438]}