{"accu": 0.9673478795328825, "f1score": [0.9711181012296254, 0.9748655256723716, 0.9745936183022276, 0.9527145359019265, 0.9771780115102203, 0.9626050420168067, 0.9607296681023562, 0.9637537239324727, 0.9651022864019253, 0.9532362960668936], "recall": [0.968625213918996, 0.9722980881779165, 0.9737728585178056, 0.9618104667609618, 0.9785373608903021, 0.9642255892255892, 0.9624365482233502, 0.9661523145843703, 0.9639423076923077, 0.9418604651162791], "precision": [0.9736238532110092, 0.9774465581486566, 0.9754157628344179, 0.9437890353920888, 0.9758224336107808, 0.9609899328859061, 0.9590288315629742, 0.9613670133729569, 0.9662650602409638, 0.9648902821316614], "trainloss": [2.25967796488333, 1.089467117743187, 0.42259926903205036, 0.3413605002682135, 0.30775831595565833, 0.2850599744024175, 0.26918508472322794, 0.25911494056414686, 0.24586771033218235, 0.23964027233719493, 0.23623076795731057, 0.22892380352297356, 0.22643889291048855, 0.22256559968972683, 0.22081836397312282, 0.2147183831129883, 0.21487446670752064, 0.21220708432345425, 0.20812140761205514, 0.2087307647325233, 0.20127658546398078, 0.20085785361469993, 0.20064590046183572, 0.19869274830932737, 0.19641958783188632, 0.19561578278518327, 0.19692859855126088, 0.19136547484365765, 0.19287666734915435, 0.1892782533551365, 0.1892763585060103, 0.1892238689253768, 0.1879090655884465, 0.18653544307176936, 0.1867902762003534, 0.18426530789059378, 0.1846077716836948, 0.18480507283050174, 0.18416402415851751, 0.18131012868588806, 0.1818390471804651, 0.18301224183008305, 0.1813986723855607, 0.17908076377119495, 0.18402638103700703, 0.18018367807579752, 0.17942207442389052, 0.17778600499942965, 0.1784414415333005, 0.17749326826205739, 0.17904201269748618, 0.17560128609072523, 0.17707939948658052, 0.17802965892211975, 0.1757752880603976, 0.17208517253763406, 0.1753260030815066, 0.17430911950427042, 0.17362024509908558, 0.17457576979429246, 0.1743999190466513, 0.17430547337266586, 0.1724387786724413, 0.172624742431844, 0.16979269346860912, 0.17303694752441562, 0.1717840965170515, 0.1715806544336394, 0.17123731118176277, 0.1739373046415145, 0.1695665823601869, 0.17105965696325376, 0.1712266076498305, 0.17270221233022937, 0.17068925773257607, 0.17114828990604733, 0.1708055754200348, 0.1686293873901104, 0.17022162140423025, 0.17132892979433476, 0.16986294851961684, 0.16913227085714438, 0.16908657971279303, 0.1673926657376279, 0.16853266485482005, 0.17003554489429445, 0.16831227418940492, 0.16846782502084381, 0.1675432540475, 0.16755095350273197, 0.16962997097680832, 0.16809499306275988, 0.16692466786720667, 0.16778940537196577, 0.1669712575871543, 0.16978549941368776, 0.16617126544791774, 0.16642537216528538, 0.16593535646544202, 0.16981546901466366, 0.10500746016386592, 0.08714884468221243, 0.07932296958186434, 0.0722253053348699, 0.06663122438497199, 0.0629249850834264, 0.061295645348571584, 0.055860294663887394, 0.05358281102460307, 0.04779473800884514, 0.048366839462866025, 0.04454989529902819, 0.041866301730398625, 0.04012806494164337, 0.04038879157975723, 0.0373948793534106, 0.03658638574625504, 0.03642041168111577, 0.03542152062006173, 0.03247451683710949, 0.03276859881716876, 0.031502081381846674, 0.031276486131431025, 0.030122747871481823, 0.028935070392941693, 0.0297190999558029, 0.029731819361376283, 0.02767736727061943, 0.02833245728113398, 0.026409110462031572, 0.026426438350366333, 0.027361028917366814, 0.02620211548753701, 0.027832044846518834, 0.027691363347447262, 0.02777018063590615, 0.025723637561461853, 0.026968797831046356, 0.026605947340549527, 0.02602165262221514, 0.026023402210674715, 0.0256054843882273, 0.02649562373447773, 0.026581614445624676, 0.027505362517193, 0.026403467529415896, 0.027516851049897366, 0.0283281875886095, 0.02717692140629508, 0.026117365265615658, 0.015735840055027105, 0.011174034377971568, 0.009681546465560138, 0.008476245075363358, 0.00705000973806799, 0.00642039862538512, 0.005613297663923948, 0.005688928204853609, 0.0058919299955467455, 0.004653840326573687, 0.0047088601468343125, 0.004779629798931162, 0.0039404217977745, 0.004343388632585408, 0.004204332786325406, 0.0038468817072501897, 0.0038230475226721803, 0.0030265156477845604, 0.0034152192167603607, 0.003312597000555121, 0.0028817158170199113, 0.0032795333213461175, 0.0029575903219817546, 0.002598562646290653, 0.0024926786700820757, 0.0027348372780826467, 0.002608629160988863, 0.00249491327846524, 0.002107473846183533, 0.0022448001067818025, 0.002447699011528576, 0.00244911349717562, 0.0022560292054183296, 0.002240335373283824, 0.002069454370173377, 0.0018927690226783049, 0.0020073579715238297, 0.002052354318677026, 0.001983122266323796, 0.0022430324670485073, 0.0017254811107713125, 0.001553775987923609, 0.0019084470083478252, 0.0016056353846054306, 0.0019987426220061124, 0.0018151998603656836, 0.001524064221208306, 0.0017351172017050298, 0.001604699423391068, 0.0016086103176749902]}