{"accu": 0.9663106945298093, "f1score": [0.9709897610921502, 0.9711219512195123, 0.9740181268882174, 0.9509632224168125, 0.9776370472986344, 0.9636478251733557, 0.9618590553169992, 0.960339236717386, 0.9644149577804584, 0.9543052533416226], "recall": [0.9633182844243793, 0.9662201514269074, 0.9767329132331556, 0.96004243281471, 0.9762845849802372, 0.9654736842105263, 0.9606458123107972, 0.9673366834170855, 0.9655797101449275, 0.9463625154130703], "precision": [0.9787844036697247, 0.9760737399490096, 0.9713183899734876, 0.9420541290770298, 0.9789932619896948, 0.9618288590604027, 0.9630753667172484, 0.9534422981674097, 0.9632530120481928, 0.9623824451410659], "trainloss": [2.0677842521705885, 0.6242248068100642, 0.393656629649333, 0.3287648373367645, 0.2963967647033324, 0.27712525551726297, 0.2572131015132842, 0.2444223972750359, 0.23864204012330334, 0.2307068194895452, 0.22939571809243148, 0.2234367100304503, 0.22127231376030182, 0.2182791772288815, 0.21260559730912065, 0.2093208998944931, 0.20832351357708317, 0.20879002006968747, 0.20307841663852796, 0.19958829878052103, 0.19825086019468333, 0.19686741535020374, 0.1926084395537143, 0.19189961114467985, 0.19328954857034622, 0.19329568829097007, 0.18893847143379763, 0.18975054412816394, 0.1885192432679607, 0.18439943666587955, 0.18603292625289483, 0.1834914446030039, 0.18296338345426333, 0.1804088307745583, 0.1812340204140845, 0.18309066841578633, 0.1802111968013854, 0.17794951252431918, 0.18064450876249058, 0.178773675522515, 0.17765750144270087, 0.17356820238730583, 0.17593265739775982, 0.1731430538226393, 0.1779805148738905, 0.17299481747790169, 0.1752821007963643, 0.17405285106690316, 0.17030841771081537, 0.1734458169185113, 0.1704648787205252, 0.17205120859880246, 0.17116354290201058, 0.1714899377409174, 0.17241871516192978, 0.1682881962008644, 0.1673959332443285, 0.16668625805291373, 0.1671791154175404, 0.16627058224715907, 0.1682478139030993, 0.1704952862181704, 0.16640949880446895, 0.16744779694771456, 0.1667244351598565, 0.16374470444227893, 0.16378535717719245, 0.16867138375089238, 0.16432538280778652, 0.1653000755306975, 0.1622788279846705, 0.1670241191578845, 0.16278347968510037, 0.16253963239463629, 0.16349499590321342, 0.16214197910031994, 0.1617712277295045, 0.1613786184805406, 0.16248809755286217, 0.16078205996369946, 0.16338893305892946, 0.1635955273232446, 0.161390031965531, 0.16042417334325923, 0.1613390743901282, 0.16156530196468646, 0.1606161771411953, 0.16217153941771598, 0.15996198164438238, 0.161573920580646, 0.15954397645824048, 0.161198671156911, 0.15896747414036058, 0.1602950870546507, 0.160294676574922, 0.1625819026639512, 0.15845535193136734, 0.158320026661763, 0.15796954768443638, 0.15866374720824622, 0.09812880512787932, 0.07596892205147059, 0.06700725590607712, 0.06155535079683141, 0.05485863432251861, 0.052234225546435205, 0.04697398507077751, 0.04445818085913249, 0.04030055404752139, 0.037401279931211166, 0.03491185081724243, 0.032772421506064874, 0.03320533573362951, 0.03021850593877204, 0.029235746423236016, 0.02751978665405387, 0.02579717199349805, 0.02418916721232089, 0.02292820001249736, 0.024242436743945526, 0.023201284852363096, 0.02271357874188909, 0.023287374315123344, 0.021655224465494664, 0.021414597611382345, 0.02132060453563191, 0.021751282043363594, 0.02201733238818389, 0.020942977120125016, 0.021114355884072865, 0.01892627914714667, 0.020436545325167553, 0.018214306461341923, 0.018641427271743925, 0.016849533686608388, 0.020798352292861675, 0.02095453359574602, 0.019114312304369375, 0.021777185931402505, 0.019022368492215423, 0.021325051515023376, 0.018244970556128493, 0.021016419720186315, 0.02197970649945179, 0.01863887323420264, 0.019150667226831855, 0.021420630312049382, 0.02198441537871552, 0.020097170069555196, 0.021885760612849192, 0.014124824379312059, 0.007246518434923883, 0.0063898936850866955, 0.005308849224776714, 0.00451867594061563, 0.004119534643003892, 0.003994243369935128, 0.0036079501817948365, 0.0031976771057728105, 0.002946504426980042, 0.0029833888892377624, 0.002451505449999394, 0.002743813495076704, 0.0026381622290735617, 0.0021921710855675974, 0.002303616681798365, 0.002138447917803632, 0.00207360701822286, 0.0020509925821627496, 0.0018245153373344617, 0.0017532263418549739, 0.0017686566073108034, 0.0018173149878533425, 0.0016523728767088048, 0.0016536707742141122, 0.0018774490767234345, 0.0016535031048939691, 0.0015851984812332407, 0.0015841510299529353, 0.0014309518477215403, 0.001347023968267822, 0.0014649527926470238, 0.0015396754526490783, 0.0012578340192480042, 0.0012471576386608226, 0.0013881203809677596, 0.001048539289560345, 0.0010690277989804492, 0.0012206571478975666, 0.0012862413420764091, 0.001207239028940396, 0.00117798808577102, 0.00107009709705067, 0.0011282024914712548, 0.0011515214672201798, 0.0010944927924784803, 0.0010625389189731819, 0.0010776058543406205, 0.0010399733688495403, 0.0010897481621746168]}