{"accu": 0.9653503380454824, "f1score": [0.9660678642714571, 0.9692007797270955, 0.9724063140137366, 0.9552134359692093, 0.9741961095672886, 0.9651113913408995, 0.9609276531383917, 0.9571286141575275, 0.9642857142857143, 0.9553543552919138], "recall": [0.9608621667612025, 0.963379190079442, 0.9722891566265061, 0.963302752293578, 0.9757455268389662, 0.9671440606571188, 0.9577889447236181, 0.963371801304566, 0.968978102189781, 0.9514925373134329], "precision": [0.9713302752293578, 0.9750931555206903, 0.9725234996384671, 0.9472588480222068, 0.9726516052318668, 0.9630872483221476, 0.9640870005058169, 0.950965824665676, 0.9596385542168675, 0.9592476489028213], "trainloss": [2.176738198729059, 0.7419435685355802, 0.40073485571115014, 0.338246292271918, 0.3058338378553873, 0.2843813982459357, 0.27358619626921926, 0.2591058040594559, 0.25308756803239935, 0.2461901239057443, 0.24109058120792193, 0.23545343807995095, 0.22925179847035246, 0.22863318443278813, 0.225045489241662, 0.22052068887850654, 0.2192421777393991, 0.21394482365499398, 0.21545975273914542, 0.2125536951843464, 0.21066592400708595, 0.20645583294949274, 0.2032842322314845, 0.20394183005341515, 0.2014619418941223, 0.20053942861396493, 0.19878433603764245, 0.1990092095975031, 0.19905779706039986, 0.19838261083916686, 0.19593029542367135, 0.1964123426526608, 0.1938923679335223, 0.19567163285643857, 0.19263644830023613, 0.1921086289274482, 0.1926555342108094, 0.1904073694515497, 0.19045425840561728, 0.1892889706872767, 0.19053679003758084, 0.18671903907231602, 0.18589811240080664, 0.18699068281835304, 0.18848624082545168, 0.18506607078480086, 0.1845210746644842, 0.1844547481679748, 0.18758951726223982, 0.1852951830231571, 0.18124257683691317, 0.1844624517551633, 0.18400581657108667, 0.18029717593660602, 0.18150332832280855, 0.18106908352840725, 0.18102152915125694, 0.1818722551643929, 0.17926779974956342, 0.1813539882046143, 0.17929175920982898, 0.17823137729387328, 0.18017805121532, 0.17691176376317128, 0.17918569629699607, 0.1782517303534721, 0.1789055862218076, 0.17672600915428005, 0.17600616294418886, 0.17612806669491532, 0.17630476881898863, 0.17504748831702396, 0.17792376280442176, 0.17765522834945308, 0.176306857895802, 0.17556065827793618, 0.17421837360460526, 0.17518039256233006, 0.171883764870459, 0.17431217006082847, 0.17482320416921063, 0.1733837031330522, 0.17385059314957374, 0.1739132578128506, 0.17073509474769505, 0.17495050209818352, 0.17529185142876652, 0.17110168340482554, 0.17377719181190757, 0.17092602688400707, 0.1712525731104491, 0.17432738339989495, 0.17208642889630035, 0.17081195176984543, 0.17262020839590622, 0.16940827996870228, 0.17220544442763283, 0.16967631229992958, 0.17113528820242266, 0.17375852483521467, 0.11048823698043338, 0.09103346034909472, 0.08235577440828885, 0.07763169325965147, 0.07084434343092844, 0.06746723634109024, 0.06397420545483844, 0.059976553775907424, 0.05715851201505286, 0.05293404867174825, 0.052401512812535286, 0.04963944616865099, 0.04715244114276122, 0.04554315988580921, 0.042683742984209745, 0.03957474843008392, 0.041144482905663596, 0.03847587726354598, 0.0377083606612955, 0.03701325280517398, 0.03523811523821127, 0.03620131080799177, 0.03568907434260033, 0.03641346224280364, 0.033682365255676444, 0.03344121839030028, 0.03246973430197318, 0.03302624013578446, 0.0337943991917773, 0.03220835366079915, 0.030795027397519395, 0.03210648256469024, 0.03159177215171838, 0.030743149953320968, 0.032762094255296415, 0.032003221116996765, 0.03091511206952176, 0.028906291324202815, 0.029921535373499702, 0.033466925742413195, 0.030913524972880933, 0.03076566649119012, 0.02977250686519553, 0.02869572068796239, 0.03154773855859813, 0.031040042759247894, 0.030033597202836895, 0.030899331070041232, 0.030818753478647917, 0.02931203113058424, 0.016870293463882562, 0.012538452449523306, 0.010228051742843441, 0.00888885320415156, 0.008901641912573146, 0.007461197827506864, 0.007224202502234704, 0.006661870597939778, 0.006119171169772046, 0.00594390422083643, 0.005625718126208315, 0.0052312850542173646, 0.004953104248238387, 0.0043957913438600945, 0.004515772394340888, 0.004209899631705023, 0.0042737831121021285, 0.004163719610693621, 0.003724375402214432, 0.004038544433387763, 0.003663495117222259, 0.0035448042237670825, 0.0035453293756627802, 0.002979010264713019, 0.0029069340315358823, 0.0030534469093887076, 0.0029655927991866417, 0.0027541872413308476, 0.003033652371659573, 0.003027416316285223, 0.0028935309555126703, 0.003042116077184731, 0.002804540514615304, 0.0028534553318692365, 0.0026916059348056913, 0.002380294728110063, 0.0023148926064481116, 0.002157323019698359, 0.0020689473469689304, 0.002444901572629165, 0.0019836587707228338, 0.0019593753894383273, 0.0020624258036358437, 0.001955325459526439, 0.0016005690274111886, 0.0021129360845729746, 0.0018060612897794885, 0.0017141622748887873, 0.001944463462851336, 0.0016409054227087998]}